{
  "game": "Duke Nukem 3D",
  "game_id": 1,
  "episodes": {
    "E1": {
      "name": "L.A. Meltdown",
      "volumenum": 0,
      "levels": {
        "E1L1": {
          "name": "Hollywood Holocaust",
          "levelnum": 0,
          "unlock": 1700,
          "exit": 1700
        },
        "E1L2": {
          "name": "Red Light District",
          "levelnum": 1,
          "unlock": 1701,
          "exit": 1701
        },
        "E1L3": {
          "name": "Death Row",
          "levelnum": 2,
          "unlock": 1702,
          "exit": 1702
        },
        "E1L4": {
          "name": "Toxic Dump",
          "levelnum": 3,
          "unlock": 1703,
          "exit": 1703
        },
        "E1L5": {
          "name": "The Abyss",
          "levelnum": 4,
          "unlock": 1704,
          "exit": 1704
        },
        "E1L6": {
          "name": "Launch Facility",
          "levelnum": 5,
          "unlock": 1705,
          "exit": 1705
        },
        "E1L7": {
          "name": "Faces of Death",
          "levelnum": 6,
          "unlock": 1706,
          "exit": 1706
        }
      }
    },
    "E2": {
      "name": "Lunar Apocalypse",
      "volumenum": 1,
      "levels": {
        "E2L1": {
          "name": "Spaceport",
          "levelnum": 0,
          "unlock": 1707,
          "exit": 1707
        },
        "E2L2": {
          "name": "Incubator",
          "levelnum": 1,
          "unlock": 1708,
          "exit": 1708
        },
        "E2L3": {
          "name": "Warp Factor",
          "levelnum": 2,
          "unlock": 1709,
          "exit": 1709
        },
        "E2L4": {
          "name": "Fusion Station",
          "levelnum": 3,
          "unlock": 1710,
          "exit": 1710
        },
        "E2L5": {
          "name": "Occupied Territory",
          "levelnum": 4,
          "unlock": 1711,
          "exit": 1711
        },
        "E2L6": {
          "name": "Tiberius Station",
          "levelnum": 5,
          "unlock": 1712,
          "exit": 1712
        },
        "E2L7": {
          "name": "Lunar Reactor",
          "levelnum": 6,
          "unlock": 1713,
          "exit": 1713
        },
        "E2L8": {
          "name": "Dark Side",
          "levelnum": 7,
          "unlock": 1714,
          "exit": 1714
        },
        "E2L9": {
          "name": "Overlord",
          "levelnum": 8,
          "unlock": 1715,
          "exit": 1715
        },
        "E2L10": {
          "name": "Spin Cycle",
          "levelnum": 9,
          "unlock": 1716,
          "exit": 1716
        },
        "E2L11": {
          "name": "Lunatic Fringe",
          "levelnum": 10,
          "unlock": 1717,
          "exit": 1717
        }
      }
    },
    "E3": {
      "name": "Shrapnel City",
      "volumenum": 2,
      "levels": {
        "E3L1": {
          "name": "Raw Meat",
          "levelnum": 0,
          "unlock": 1718,
          "exit": 1718
        },
        "E3L2": {
          "name": "Bank Roll",
          "levelnum": 1,
          "unlock": 1719,
          "exit": 1719
        },
        "E3L3": {
          "name": "Flood Zone",
          "levelnum": 2,
          "unlock": 1720,
          "exit": 1720
        },
        "E3L4": {
          "name": "L.A. Rumble",
          "levelnum": 3,
          "unlock": 1721,
          "exit": 1721
        },
        "E3L5": {
          "name": "Movie Set",
          "levelnum": 4,
          "unlock": 1722,
          "exit": 1722
        },
        "E3L6": {
          "name": "Rabid Transit",
          "levelnum": 5,
          "unlock": 1723,
          "exit": 1723
        },
        "E3L7": {
          "name": "Fahrenheit",
          "levelnum": 6,
          "unlock": 1724,
          "exit": 1724
        },
        "E3L8": {
          "name": "Hotel Hell",
          "levelnum": 7,
          "unlock": 1725,
          "exit": 1725
        },
        "E3L9": {
          "name": "Stadium",
          "levelnum": 8,
          "unlock": 1726,
          "exit": 1726
        },
        "E3L10": {
          "name": "Tier Drops",
          "levelnum": 9,
          "unlock": 1727,
          "exit": 1727
        },
        "E3L11": {
          "name": "Freeway",
          "levelnum": 10,
          "unlock": 1728,
          "exit": 1728
        }
      }
    },
    "E4": {
      "name": "The Birth",
      "volumenum": 3,
      "levels": {
        "E4L1": {
          "name": "It's Impossible",
          "levelnum": 0,
          "unlock": 1729,
          "exit": 1729
        },
        "E4L2": {
          "name": "Duke-Burger",
          "levelnum": 1,
          "unlock": 1730,
          "exit": 1730
        },
        "E4L3": {
          "name": "Shop-N-Bag",
          "levelnum": 2,
          "unlock": 1731,
          "exit": 1731
        },
        "E4L4": {
          "name": "Babe Land",
          "levelnum": 3,
          "unlock": 1732,
          "exit": 1732
        },
        "E4L5": {
          "name": "Pigsty",
          "levelnum": 4,
          "unlock": 1733,
          "exit": 1733
        },
        "E4L6": {
          "name": "Going Postal",
          "levelnum": 5,
          "unlock": 1734,
          "exit": 1734
        },
        "E4L7": {
          "name": "XXX-Stacy",
          "levelnum": 6,
          "unlock": 1735,
          "exit": 1735
        },
        "E4L8": {
          "name": "Critical Mass",
          "levelnum": 7,
          "unlock": 1736,
          "exit": 1736
        },
        "E4L9": {
          "name": "Derelict",
          "levelnum": 8,
          "unlock": 1737,
          "exit": 1737
        },
        "E4L10": {
          "name": "The Queen",
          "levelnum": 9,
          "unlock": 1738,
          "exit": 1738
        },
        "E4L11": {
          "name": "Area 51",
          "levelnum": 10,
          "unlock": 1739,
          "exit": 1739
        }
      }
    }
  },
  "locations": {
    "E1L1": {
      "sprites": {
        "26": {
          "id": 1,
          "name": "Bachelor RPG"
        },
        "27": {
          "id": 2,
          "name": "Bachelor Pipebombs"
        },
        "40": {
          "id": 3,
          "name": "Elevator Night Vision"
        },
        "44": {
          "id": 4,
          "name": "Bachelor Shotgun"
        },
        "45": {
          "id": 5,
          "name": "Bachelor Chaingun"
        },
        "82": {
          "id": 6,
          "name": "Billboard RPG"
        },
        "111": {
          "id": -1,
          "name": "MP Chaingun behind Screen"
        },
        "170": {
          "id": 7,
          "name": "Outside Ledge Atomic Health"
        },
        "209": {
          "id": 8,
          "name": "Cash Register Atomic Health"
        },
        "297": {
          "id": 9,
          "name": "Arcade Holo Duke"
        },
        "337": {
          "id": 10,
          "name": "Cash Register Shotgun"
        },
        "376": {
          "id": 11,
          "name": "Toilet Medkit"
        },
        "400": {
          "id": 12,
          "name": "Projector Atomic Health"
        },
        "431": {
          "id": 13,
          "name": "Projector Secret RPG"
        },
        "447": {
          "id": 14,
          "name": "Jetpack behind Screen"
        },
        "451": {
          "id": 15,
          "name": "Red Key Card"
        },
        "527": {
          "id": 16,
          "name": "Poster Steroids"
        },
        "530": {
          "id": -1,
          "name": "MP Poster Chaingun"
        },
        "532": {
          "id": 17,
          "name": "Cinema Armor"
        },
        "535": {
          "id": -1,
          "name": "MP Red Door Pipebombs"
        },
        "546": {
          "id": 18,
          "name": "Cash Register Alcove Armor"
        },
        "595": {
          "id": 19,
          "name": "Projector Steroids"
        },
        "632": {
          "id": 20,
          "name": "Elevator Pipebombs"
        },
        "633": {
          "id": 21,
          "name": "Jetpack above Exit"
        }
      },
      "sectors": {
        "149": {
          "id": 1800,
          "name": "Secret: Behind the Screen"
        },
        "154": {
          "id": 1801,
          "name": "Secret: Projector Hidden Room"
        },
        "197": {
          "id": 1802,
          "name": "Secret: Hidden Apartment"
        },
        "211": {
          "id": 1803,
          "name": "Secret: Projector Security Room"
        },
        "238": {
          "id": 1804,
          "name": "Secret: Behind Poster"
        },
        "241": {
          "id": 1805,
          "name": "Secret: Cash Register Alcove"
        },
        "249": {
          "id": 1806,
          "name": "Secret: Bachelor Apartment"
        },
        "290": {
          "id": 1807,
          "name": "Secret: Below Billboard"
        }
      },
      "exits": {
        "0": {
          "id": 1700,
          "name": "Exit"
        }
      }
    },
    "E1L2": {
      "sprites": {},
      "sectors": {
        "91": {
          "id": 1808,
          "name": ""
        },
        "107": {
          "id": 1809,
          "name": ""
        },
        "158": {
          "id": 1810,
          "name": ""
        },
        "161": {
          "id": 1811,
          "name": ""
        },
        "172": {
          "id": 1812,
          "name": ""
        },
        "177": {
          "id": 1813,
          "name": ""
        },
        "187": {
          "id": 1814,
          "name": ""
        },
        "218": {
          "id": 1815,
          "name": ""
        }
      },
      "exits": {
        "0": {
          "id": 1701,
          "name": "Exit"
        }
      }
    },
    "E1L3": {
      "sprites": {},
      "sectors": {
        "76": {
          "id": 1816,
          "name": ""
        },
        "296": {
          "id": 1817,
          "name": ""
        },
        "304": {
          "id": 1818,
          "name": ""
        },
        "317": {
          "id": 1819,
          "name": ""
        },
        "379": {
          "id": 1820,
          "name": ""
        },
        "387": {
          "id": 1821,
          "name": ""
        },
        "393": {
          "id": 1822,
          "name": ""
        },
        "401": {
          "id": 1823,
          "name": ""
        },
        "424": {
          "id": 1824,
          "name": ""
        },
        "426": {
          "id": 1825,
          "name": ""
        }
      },
      "exits": {
        "0": {
          "id": 1702,
          "name": "Exit"
        }
      }
    },
    "E1L4": {
      "sprites": {},
      "sectors": {
        "88": {
          "id": 1826,
          "name": ""
        },
        "89": {
          "id": 1827,
          "name": ""
        },
        "90": {
          "id": 1828,
          "name": ""
        },
        "184": {
          "id": 1829,
          "name": ""
        },
        "267": {
          "id": 1830,
          "name": ""
        },
        "274": {
          "id": 1831,
          "name": ""
        },
        "330": {
          "id": 1832,
          "name": ""
        },
        "331": {
          "id": 1833,
          "name": ""
        },
        "418": {
          "id": 1834,
          "name": ""
        },
        "421": {
          "id": 1835,
          "name": ""
        },
        "430": {
          "id": 1836,
          "name": ""
        },
        "435": {
          "id": 1837,
          "name": ""
        },
        "453": {
          "id": 1838,
          "name": ""
        },
        "465": {
          "id": 1839,
          "name": ""
        }
      },
      "exits": {
        "0": {
          "id": 1703,
          "name": "Exit"
        }
      }
    },
    "E1L5": {
      "sprites": {},
      "sectors": {
        "7": {
          "id": 1840,
          "name": ""
        },
        "21": {
          "id": 1841,
          "name": ""
        },
        "257": {
          "id": 1842,
          "name": ""
        },
        "354": {
          "id": 1843,
          "name": ""
        },
        "440": {
          "id": 1844,
          "name": ""
        },
        "441": {
          "id": 1845,
          "name": ""
        }
      },
      "exits": {
        "0": {
          "id": 1704,
          "name": "Exit"
        }
      }
    },
    "E1L6": {
      "sprites": {},
      "sectors": {
        "218": {
          "id": 1846,
          "name": ""
        },
        "224": {
          "id": 1847,
          "name": ""
        },
        "277": {
          "id": 1848,
          "name": ""
        },
        "327": {
          "id": 1849,
          "name": ""
        }
      },
      "exits": {
        "0": {
          "id": 1705,
          "name": "Exit"
        }
      }
    },
    "E1L7": {
      "sprites": {},
      "sectors": {
        "110": {
          "id": 1850,
          "name": ""
        },
        "111": {
          "id": 1851,
          "name": ""
        }
      },
      "exits": {
        "0": {
          "id": 1706,
          "name": "Exit"
        }
      }
    },
    "E2L1": {
      "sprites": {},
      "sectors": {
        "4": {
          "id": 1852,
          "name": ""
        },
        "275": {
          "id": 1853,
          "name": ""
        },
        "304": {
          "id": 1854,
          "name": ""
        },
        "321": {
          "id": 1855,
          "name": ""
        },
        "334": {
          "id": 1856,
          "name": ""
        },
        "354": {
          "id": 1857,
          "name": ""
        }
      },
      "exits": {
        "0": {
          "id": 1707,
          "name": "Exit"
        }
      }
    },
    "E2L2": {
      "sprites": {},
      "sectors": {
        "142": {
          "id": 1858,
          "name": ""
        },
        "153": {
          "id": 1859,
          "name": ""
        },
        "155": {
          "id": 1860,
          "name": ""
        },
        "156": {
          "id": 1861,
          "name": ""
        },
        "248": {
          "id": 1862,
          "name": ""
        }
      },
      "exits": {
        "0": {
          "id": 1708,
          "name": "Exit"
        }
      }
    },
    "E2L3": {
      "sprites": {},
      "sectors": {
        "42": {
          "id": 1863,
          "name": ""
        },
        "297": {
          "id": 1864,
          "name": ""
        }
      },
      "exits": {
        "0": {
          "id": 1709,
          "name": "Exit"
        }
      }
    },
    "E2L4": {
      "sprites": {},
      "sectors": {
        "317": {
          "id": 1865,
          "name": ""
        },
        "374": {
          "id": 1866,
          "name": ""
        },
        "378": {
          "id": 1867,
          "name": ""
        },
        "384": {
          "id": 1868,
          "name": ""
        },
        "405": {
          "id": 1869,
          "name": ""
        },
        "409": {
          "id": 1870,
          "name": ""
        },
        "416": {
          "id": 1871,
          "name": ""
        }
      },
      "exits": {
        "0": {
          "id": 1710,
          "name": "Exit"
        }
      }
    },
    "E2L5": {
      "sprites": {},
      "sectors": {
        "136": {
          "id": 1872,
          "name": ""
        },
        "185": {
          "id": 1873,
          "name": ""
        },
        "225": {
          "id": 1874,
          "name": ""
        },
        "238": {
          "id": 1875,
          "name": ""
        }
      },
      "exits": {
        "0": {
          "id": 1711,
          "name": "Exit"
        }
      }
    },
    "E2L6": {
      "sprites": {},
      "sectors": {
        "67": {
          "id": 1876,
          "name": ""
        },
        "72": {
          "id": 1877,
          "name": ""
        },
        "136": {
          "id": 1878,
          "name": ""
        },
        "145": {
          "id": 1879,
          "name": ""
        },
        "166": {
          "id": 1880,
          "name": ""
        },
        "258": {
          "id": 1881,
          "name": ""
        },
        "288": {
          "id": 1882,
          "name": ""
        },
        "309": {
          "id": 1883,
          "name": ""
        }
      },
      "exits": {
        "0": {
          "id": 1712,
          "name": "Exit"
        }
      }
    },
    "E2L7": {
      "sprites": {},
      "sectors": {
        "181": {
          "id": 1884,
          "name": ""
        },
        "206": {
          "id": 1885,
          "name": ""
        },
        "330": {
          "id": 1886,
          "name": ""
        },
        "387": {
          "id": 1887,
          "name": ""
        },
        "390": {
          "id": 1888,
          "name": ""
        },
        "395": {
          "id": 1889,
          "name": ""
        },
        "396": {
          "id": 1890,
          "name": ""
        }
      },
      "exits": {
        "0": {
          "id": 1713,
          "name": "Exit"
        }
      }
    },
    "E2L8": {
      "sprites": {},
      "sectors": {
        "352": {
          "id": 1891,
          "name": ""
        },
        "579": {
          "id": 1892,
          "name": ""
        },
        "647": {
          "id": 1893,
          "name": ""
        },
        "675": {
          "id": 1894,
          "name": ""
        },
        "701": {
          "id": 1895,
          "name": ""
        },
        "713": {
          "id": 1896,
          "name": ""
        },
        "726": {
          "id": 1897,
          "name": ""
        }
      },
      "exits": {
        "0": {
          "id": 1714,
          "name": "Exit"
        }
      }
    },
    "E2L9": {
      "sprites": {},
      "sectors": {
        "203": {
          "id": 1898,
          "name": ""
        },
        "219": {
          "id": 1899,
          "name": ""
        },
        "225": {
          "id": 1900,
          "name": ""
        },
        "246": {
          "id": 1901,
          "name": ""
        }
      },
      "exits": {
        "0": {
          "id": 1715,
          "name": "Exit"
        }
      }
    },
    "E2L10": {
      "sprites": {},
      "sectors": {},
      "exits": {
        "0": {
          "id": 1716,
          "name": "Exit"
        }
      }
    },
    "E2L11": {
      "sprites": {},
      "sectors": {},
      "exits": {
        "0": {
          "id": 1717,
          "name": "Exit"
        }
      }
    },
    "E3L1": {
      "sprites": {},
      "sectors": {
        "135": {
          "id": 1902,
          "name": ""
        },
        "137": {
          "id": 1903,
          "name": ""
        },
        "161": {
          "id": 1904,
          "name": ""
        },
        "287": {
          "id": 1905,
          "name": ""
        },
        "332": {
          "id": 1906,
          "name": ""
        },
        "338": {
          "id": 1907,
          "name": ""
        },
        "344": {
          "id": 1908,
          "name": ""
        }
      },
      "exits": {
        "0": {
          "id": 1718,
          "name": "Exit"
        }
      }
    },
    "E3L2": {
      "sprites": {},
      "sectors": {
        "17": {
          "id": 1909,
          "name": ""
        },
        "119": {
          "id": 1910,
          "name": ""
        },
        "190": {
          "id": 1911,
          "name": ""
        },
        "208": {
          "id": 1912,
          "name": ""
        },
        "235": {
          "id": 1913,
          "name": ""
        }
      },
      "exits": {
        "0": {
          "id": 1719,
          "name": "Exit"
        }
      }
    },
    "E3L3": {
      "sprites": {},
      "sectors": {
        "178": {
          "id": 1914,
          "name": ""
        },
        "221": {
          "id": 1915,
          "name": ""
        },
        "222": {
          "id": 1916,
          "name": ""
        },
        "232": {
          "id": 1917,
          "name": ""
        },
        "259": {
          "id": 1918,
          "name": ""
        }
      },
      "exits": {
        "0": {
          "id": 1720,
          "name": "Exit"
        }
      }
    },
    "E3L4": {
      "sprites": {},
      "sectors": {
        "166": {
          "id": 1919,
          "name": ""
        },
        "195": {
          "id": 1920,
          "name": ""
        },
        "205": {
          "id": 1921,
          "name": ""
        }
      },
      "exits": {
        "0": {
          "id": 1721,
          "name": "Exit"
        }
      }
    },
    "E3L5": {
      "sprites": {},
      "sectors": {
        "88": {
          "id": 1922,
          "name": ""
        },
        "149": {
          "id": 1923,
          "name": ""
        },
        "183": {
          "id": 1924,
          "name": ""
        },
        "195": {
          "id": 1925,
          "name": ""
        }
      },
      "exits": {
        "0": {
          "id": 1722,
          "name": "Exit"
        }
      }
    },
    "E3L6": {
      "sprites": {},
      "sectors": {
        "6": {
          "id": 1926,
          "name": ""
        },
        "132": {
          "id": 1927,
          "name": ""
        },
        "149": {
          "id": 1928,
          "name": ""
        },
        "163": {
          "id": 1929,
          "name": ""
        },
        "172": {
          "id": 1930,
          "name": ""
        },
        "182": {
          "id": 1931,
          "name": ""
        }
      },
      "exits": {
        "0": {
          "id": 1723,
          "name": "Exit"
        }
      }
    },
    "E3L7": {
      "sprites": {},
      "sectors": {
        "111": {
          "id": 1932,
          "name": ""
        },
        "133": {
          "id": 1933,
          "name": ""
        },
        "176": {
          "id": 1934,
          "name": ""
        },
        "179": {
          "id": 1935,
          "name": ""
        }
      },
      "exits": {
        "0": {
          "id": 1724,
          "name": "Exit"
        }
      }
    },
    "E3L8": {
      "sprites": {},
      "sectors": {
        "138": {
          "id": 1936,
          "name": ""
        },
        "155": {
          "id": 1937,
          "name": ""
        },
        "284": {
          "id": 1938,
          "name": ""
        }
      },
      "exits": {
        "0": {
          "id": 1725,
          "name": "Exit"
        }
      }
    },
    "E3L9": {
      "sprites": {},
      "sectors": {},
      "exits": {
        "0": {
          "id": 1726,
          "name": "Exit"
        }
      }
    },
    "E3L10": {
      "sprites": {},
      "sectors": {
        "148": {
          "id": 1939,
          "name": ""
        },
        "156": {
          "id": 1940,
          "name": ""
        },
        "164": {
          "id": 1941,
          "name": ""
        },
        "172": {
          "id": 1942,
          "name": ""
        }
      },
      "exits": {
        "0": {
          "id": 1727,
          "name": "Exit"
        }
      }
    },
    "E3L11": {
      "sprites": {},
      "sectors": {
        "120": {
          "id": 1943,
          "name": ""
        },
        "148": {
          "id": 1944,
          "name": ""
        },
        "229": {
          "id": 1945,
          "name": ""
        },
        "242": {
          "id": 1946,
          "name": ""
        },
        "246": {
          "id": 1947,
          "name": ""
        }
      },
      "exits": {
        "0": {
          "id": 1728,
          "name": "Exit"
        }
      }
    },
    "E4L1": {
      "sprites": {},
      "sectors": {
        "116": {
          "id": 1948,
          "name": ""
        },
        "221": {
          "id": 1949,
          "name": ""
        },
        "232": {
          "id": 1950,
          "name": ""
        },
        "270": {
          "id": 1951,
          "name": ""
        },
        "274": {
          "id": 1952,
          "name": ""
        },
        "388": {
          "id": 1953,
          "name": ""
        },
        "414": {
          "id": 1954,
          "name": ""
        }
      },
      "exits": {
        "0": {
          "id": 1729,
          "name": "Exit"
        }
      }
    },
    "E4L2": {
      "sprites": {},
      "sectors": {
        "102": {
          "id": 1955,
          "name": ""
        },
        "311": {
          "id": 1956,
          "name": ""
        },
        "313": {
          "id": 1957,
          "name": ""
        },
        "321": {
          "id": 1958,
          "name": ""
        }
      },
      "exits": {
        "0": {
          "id": 1730,
          "name": "Exit"
        }
      }
    },
    "E4L3": {
      "sprites": {},
      "sectors": {
        "70": {
          "id": 1959,
          "name": ""
        },
        "176": {
          "id": 1960,
          "name": ""
        },
        "274": {
          "id": 1961,
          "name": ""
        },
        "344": {
          "id": 1962,
          "name": ""
        },
        "349": {
          "id": 1963,
          "name": ""
        },
        "362": {
          "id": 1964,
          "name": ""
        },
        "365": {
          "id": 1965,
          "name": ""
        }
      },
      "exits": {
        "0": {
          "id": 1731,
          "name": "Exit"
        }
      }
    },
    "E4L4": {
      "sprites": {},
      "sectors": {
        "90": {
          "id": 1966,
          "name": ""
        },
        "193": {
          "id": 1967,
          "name": ""
        },
        "200": {
          "id": 1968,
          "name": ""
        },
        "336": {
          "id": 1969,
          "name": ""
        }
      },
      "exits": {
        "0": {
          "id": 1732,
          "name": "Exit"
        }
      }
    },
    "E4L5": {
      "sprites": {},
      "sectors": {
        "5": {
          "id": 1970,
          "name": ""
        },
        "56": {
          "id": 1971,
          "name": ""
        },
        "123": {
          "id": 1972,
          "name": ""
        },
        "465": {
          "id": 1973,
          "name": ""
        },
        "469": {
          "id": 1974,
          "name": ""
        }
      },
      "exits": {
        "0": {
          "id": 1733,
          "name": "Exit"
        }
      }
    },
    "E4L6": {
      "sprites": {},
      "sectors": {
        "185": {
          "id": 1975,
          "name": ""
        },
        "250": {
          "id": 1976,
          "name": ""
        },
        "302": {
          "id": 1977,
          "name": ""
        },
        "317": {
          "id": 1978,
          "name": ""
        }
      },
      "exits": {
        "0": {
          "id": 1734,
          "name": "Exit"
        }
      }
    },
    "E4L7": {
      "sprites": {},
      "sectors": {
        "65": {
          "id": 1979,
          "name": ""
        },
        "232": {
          "id": 1980,
          "name": ""
        },
        "265": {
          "id": 1981,
          "name": ""
        }
      },
      "exits": {
        "0": {
          "id": 1735,
          "name": "Exit"
        }
      }
    },
    "E4L8": {
      "sprites": {},
      "sectors": {
        "105": {
          "id": 1982,
          "name": ""
        },
        "116": {
          "id": 1983,
          "name": ""
        },
        "234": {
          "id": 1984,
          "name": ""
        },
        "240": {
          "id": 1985,
          "name": ""
        }
      },
      "exits": {
        "0": {
          "id": 1736,
          "name": "Exit"
        }
      }
    },
    "E4L9": {
      "sprites": {},
      "sectors": {
        "347": {
          "id": 1986,
          "name": ""
        },
        "718": {
          "id": 1987,
          "name": ""
        },
        "761": {
          "id": 1988,
          "name": ""
        },
        "795": {
          "id": 1989,
          "name": ""
        },
        "800": {
          "id": 1990,
          "name": ""
        }
      },
      "exits": {
        "0": {
          "id": 1737,
          "name": "Exit"
        }
      }
    },
    "E4L10": {
      "sprites": {},
      "sectors": {
        "65": {
          "id": 1991,
          "name": ""
        },
        "67": {
          "id": 1992,
          "name": ""
        },
        "70": {
          "id": 1993,
          "name": ""
        },
        "72": {
          "id": 1994,
          "name": ""
        },
        "197": {
          "id": 1995,
          "name": ""
        },
        "357": {
          "id": 1996,
          "name": ""
        },
        "630": {
          "id": 1997,
          "name": ""
        }
      },
      "exits": {
        "0": {
          "id": 1738,
          "name": "Exit"
        }
      }
    },
    "E4L11": {
      "sprites": {},
      "sectors": {
        "50": {
          "id": 1998,
          "name": ""
        },
        "54": {
          "id": 1999,
          "name": ""
        },
        "82": {
          "id": 2000,
          "name": ""
        },
        "293": {
          "id": 2001,
          "name": ""
        },
        "337": {
          "id": 2002,
          "name": ""
        },
        "440": {
          "id": 2003,
          "name": ""
        },
        "574": {
          "id": 2004,
          "name": ""
        }
      },
      "exits": {
        "0": {
          "id": 1739,
          "name": "Exit"
        }
      }
    }
  },
  "items": {
    "0": {
      "name": "Nothing",
      "type": "none",
      "silent": true
    },
    "100": {
      "name": "Exit",
      "state": true,
      "type": "goal",
      "silent": true
    },
    "101": {
      "name": "Secret",
      "state": true,
      "type": "goal",
      "silent": true
    },
    "1700": {
      "name": "E1L1 Unlock",
      "unique": true,
      "state": true,
      "type": "map"
    },
    "1701": {
      "name": "E1L2 Unlock",
      "unique": true,
      "state": true,
      "type": "map"
    },
    "1702": {
      "name": "E1L3 Unlock",
      "unique": true,
      "state": true,
      "type": "map"
    },
    "1703": {
      "name": "E1L4 Unlock",
      "unique": true,
      "state": true,
      "type": "map"
    },
    "1704": {
      "name": "E1L5 Unlock",
      "unique": true,
      "state": true,
      "type": "map"
    },
    "1705": {
      "name": "E1L6 Unlock",
      "unique": true,
      "state": true,
      "type": "map"
    },
    "1706": {
      "name": "E1L7 Unlock",
      "unique": true,
      "state": true,
      "type": "map"
    },
    "1707": {
      "name": "E2L1 Unlock",
      "unique": true,
      "state": true,
      "type": "map"
    },
    "1708": {
      "name": "E2L2 Unlock",
      "unique": true,
      "state": true,
      "type": "map"
    },
    "1709": {
      "name": "E2L3 Unlock",
      "unique": true,
      "state": true,
      "type": "map"
    },
    "1710": {
      "name": "E2L4 Unlock",
      "unique": true,
      "state": true,
      "type": "map"
    },
    "1711": {
      "name": "E2L5 Unlock",
      "unique": true,
      "state": true,
      "type": "map"
    },
    "1712": {
      "name": "E2L6 Unlock",
      "unique": true,
      "state": true,
      "type": "map"
    },
    "1713": {
      "name": "E2L7 Unlock",
      "unique": true,
      "state": true,
      "type": "map"
    },
    "1714": {
      "name": "E2L8 Unlock",
      "unique": true,
      "state": true,
      "type": "map"
    },
    "1715": {
      "name": "E2L9 Unlock",
      "unique": true,
      "state": true,
      "type": "map"
    },
    "1716": {
      "name": "E2L10 Unlock",
      "unique": true,
      "state": true,
      "type": "map"
    },
    "1717": {
      "name": "E2L11 Unlock",
      "unique": true,
      "state": true,
      "type": "map"
    },
    "1718": {
      "name": "E3L1 Unlock",
      "unique": true,
      "state": true,
      "type": "map"
    },
    "1719": {
      "name": "E3L2 Unlock",
      "unique": true,
      "state": true,
      "type": "map"
    },
    "1720": {
      "name": "E3L3 Unlock",
      "unique": true,
      "state": true,
      "type": "map"
    },
    "1721": {
      "name": "E3L4 Unlock",
      "unique": true,
      "state": true,
      "type": "map"
    },
    "1722": {
      "name": "E3L5 Unlock",
      "unique": true,
      "state": true,
      "type": "map"
    },
    "1723": {
      "name": "E3L6 Unlock",
      "unique": true,
      "state": true,
      "type": "map"
    },
    "1724": {
      "name": "E3L7 Unlock",
      "unique": true,
      "state": true,
      "type": "map"
    },
    "1725": {
      "name": "E3L8 Unlock",
      "unique": true,
      "state": true,
      "type": "map"
    },
    "1726": {
      "name": "E3L9 Unlock",
      "unique": true,
      "state": true,
      "type": "map"
    },
    "1727": {
      "name": "E3L10 Unlock",
      "unique": true,
      "state": true,
      "type": "map"
    },
    "1728": {
      "name": "E3L11 Unlock",
      "unique": true,
      "state": true,
      "type": "map"
    },
    "1729": {
      "name": "E4L1 Unlock",
      "unique": true,
      "state": true,
      "type": "map"
    },
    "1730": {
      "name": "E4L2 Unlock",
      "unique": true,
      "state": true,
      "type": "map"
    },
    "1731": {
      "name": "E4L3 Unlock",
      "unique": true,
      "state": true,
      "type": "map"
    },
    "1732": {
      "name": "E4L4 Unlock",
      "unique": true,
      "state": true,
      "type": "map"
    },
    "1733": {
      "name": "E4L5 Unlock",
      "unique": true,
      "state": true,
      "type": "map"
    },
    "1734": {
      "name": "E4L6 Unlock",
      "unique": true,
      "state": true,
      "type": "map"
    },
    "1735": {
      "name": "E4L7 Unlock",
      "unique": true,
      "state": true,
      "type": "map"
    },
    "1736": {
      "name": "E4L8 Unlock",
      "unique": true,
      "state": true,
      "type": "map"
    },
    "1737": {
      "name": "E4L9 Unlock",
      "unique": true,
      "state": true,
      "type": "map"
    },
    "1738": {
      "name": "E4L10 Unlock",
      "unique": true,
      "state": true,
      "type": "map"
    },
    "1739": {
      "name": "E4L11 Unlock",
      "unique": true,
      "state": true,
      "type": "map"
    },
    "1600": {
      "name": "E1L1 Automap",
      "unique": true,
      "state": true,
      "type": "automap",
      "levelnum": 0,
      "volumenum": 0
    },
    "1601": {
      "name": "E1L2 Automap",
      "unique": true,
      "state": true,
      "type": "automap",
      "levelnum": 1,
      "volumenum": 0
    },
    "1602": {
      "name": "E1L3 Automap",
      "unique": true,
      "state": true,
      "type": "automap",
      "levelnum": 2,
      "volumenum": 0
    },
    "1603": {
      "name": "E1L4 Automap",
      "unique": true,
      "state": true,
      "type": "automap",
      "levelnum": 3,
      "volumenum": 0
    },
    "1604": {
      "name": "E1L5 Automap",
      "unique": true,
      "state": true,
      "type": "automap",
      "levelnum": 4,
      "volumenum": 0
    },
    "1605": {
      "name": "E1L6 Automap",
      "unique": true,
      "state": true,
      "type": "automap",
      "levelnum": 5,
      "volumenum": 0
    },
    "1606": {
      "name": "E1L7 Automap",
      "unique": true,
      "state": true,
      "type": "automap",
      "levelnum": 6,
      "volumenum": 0
    },
    "1607": {
      "name": "E2L1 Automap",
      "unique": true,
      "state": true,
      "type": "automap",
      "levelnum": 0,
      "volumenum": 1
    },
    "1608": {
      "name": "E2L2 Automap",
      "unique": true,
      "state": true,
      "type": "automap",
      "levelnum": 1,
      "volumenum": 1
    },
    "1609": {
      "name": "E2L3 Automap",
      "unique": true,
      "state": true,
      "type": "automap",
      "levelnum": 2,
      "volumenum": 1
    },
    "1610": {
      "name": "E2L4 Automap",
      "unique": true,
      "state": true,
      "type": "automap",
      "levelnum": 3,
      "volumenum": 1
    },
    "1611": {
      "name": "E2L5 Automap",
      "unique": true,
      "state": true,
      "type": "automap",
      "levelnum": 4,
      "volumenum": 1
    },
    "1612": {
      "name": "E2L6 Automap",
      "unique": true,
      "state": true,
      "type": "automap",
      "levelnum": 5,
      "volumenum": 1
    },
    "1613": {
      "name": "E2L7 Automap",
      "unique": true,
      "state": true,
      "type": "automap",
      "levelnum": 6,
      "volumenum": 1
    },
    "1614": {
      "name": "E2L8 Automap",
      "unique": true,
      "state": true,
      "type": "automap",
      "levelnum": 7,
      "volumenum": 1
    },
    "1615": {
      "name": "E2L9 Automap",
      "unique": true,
      "state": true,
      "type": "automap",
      "levelnum": 8,
      "volumenum": 1
    },
    "1616": {
      "name": "E2L10 Automap",
      "unique": true,
      "state": true,
      "type": "automap",
      "levelnum": 9,
      "volumenum": 1
    },
    "1617": {
      "name": "E2L11 Automap",
      "unique": true,
      "state": true,
      "type": "automap",
      "levelnum": 10,
      "volumenum": 1
    },
    "1618": {
      "name": "E3L1 Automap",
      "unique": true,
      "state": true,
      "type": "automap",
      "levelnum": 0,
      "volumenum": 2
    },
    "1619": {
      "name": "E3L2 Automap",
      "unique": true,
      "state": true,
      "type": "automap",
      "levelnum": 1,
      "volumenum": 2
    },
    "1620": {
      "name": "E3L3 Automap",
      "unique": true,
      "state": true,
      "type": "automap",
      "levelnum": 2,
      "volumenum": 2
    },
    "1621": {
      "name": "E3L4 Automap",
      "unique": true,
      "state": true,
      "type": "automap",
      "levelnum": 3,
      "volumenum": 2
    },
    "1622": {
      "name": "E3L5 Automap",
      "unique": true,
      "state": true,
      "type": "automap",
      "levelnum": 4,
      "volumenum": 2
    },
    "1623": {
      "name": "E3L6 Automap",
      "unique": true,
      "state": true,
      "type": "automap",
      "levelnum": 5,
      "volumenum": 2
    },
    "1624": {
      "name": "E3L7 Automap",
      "unique": true,
      "state": true,
      "type": "automap",
      "levelnum": 6,
      "volumenum": 2
    },
    "1625": {
      "name": "E3L8 Automap",
      "unique": true,
      "state": true,
      "type": "automap",
      "levelnum": 7,
      "volumenum": 2
    },
    "1626": {
      "name": "E3L9 Automap",
      "unique": true,
      "state": true,
      "type": "automap",
      "levelnum": 8,
      "volumenum": 2
    },
    "1627": {
      "name": "E3L10 Automap",
      "unique": true,
      "state": true,
      "type": "automap",
      "levelnum": 0,
      "volumenum": 2
    },
    "1628": {
      "name": "E3L11 Automap",
      "unique": true,
      "state": true,
      "type": "automap",
      "levelnum": 10,
      "volumenum": 2
    },
    "1629": {
      "name": "E4L1 Automap",
      "unique": true,
      "state": true,
      "type": "automap",
      "levelnum": 0,
      "volumenum": 3
    },
    "1630": {
      "name": "E4L2 Automap",
      "unique": true,
      "state": true,
      "type": "automap",
      "levelnum": 1,
      "volumenum": 3
    },
    "1631": {
      "name": "E4L3 Automap",
      "unique": true,
      "state": true,
      "type": "automap",
      "levelnum": 2,
      "volumenum": 3
    },
    "1632": {
      "name": "E4L4 Automap",
      "unique": true,
      "state": true,
      "type": "automap",
      "levelnum": 3,
      "volumenum": 3
    },
    "1633": {
      "name": "E4L5 Automap",
      "unique": true,
      "state": true,
      "type": "automap",
      "levelnum": 4,
      "volumenum": 3
    },
    "1634": {
      "name": "E4L6 Automap",
      "unique": true,
      "state": true,
      "type": "automap",
      "levelnum": 5,
      "volumenum": 3
    },
    "1635": {
      "name": "E4L7 Automap",
      "unique": true,
      "state": true,
      "type": "automap",
      "levelnum": 6,
      "volumenum": 3
    },
    "1636": {
      "name": "E4L8 Automap",
      "unique": true,
      "state": true,
      "type": "automap",
      "levelnum": 7,
      "volumenum": 3
    },
    "1637": {
      "name": "E4L9 Automap",
      "unique": true,
      "state": true,
      "type": "automap",
      "levelnum": 8,
      "volumenum": 3
    },
    "1638": {
      "name": "E4L10 Automap",
      "unique": true,
      "state": true,
      "type": "automap",
      "levelnum": 9,
      "volumenum": 3
    },
    "1639": {
      "name": "E4L11 Automap",
      "unique": true,
      "state": true,
      "type": "automap",
      "levelnum": 10,
      "volumenum": 3
    },
    "1800": {
      "name": "E1L1 Red Key Card",
      "unique": true,
      "state": true,
      "type": "key",
      "flags": 2,
      "levelnum": 0,
      "volumenum": 0
    },
    "202": {
      "name": "Shotgun",
      "unique": true,
      "state": true,
      "type": "weapon",
      "weaponnum": 2,
      "ammo": 10
    },
    "203": {
      "name": "Chaingun",
      "unique": true,
      "state": true,
      "type": "weapon",
      "weaponnum": 3,
      "ammo": 50
    },
    "204": {
      "name": "RPG",
      "unique": true,
      "state": true,
      "type": "weapon",
      "weaponnum": 4,
      "ammo": 5
    },
    "205": {
      "name": "Pipebomb",
      "unique": true,
      "state": true,
      "type": "weapon",
      "weaponnum": 5,
      "ammo": 2
    },
    "206": {
      "name": "Shrinker",
      "unique": true,
      "state": true,
      "type": "weapon",
      "weaponnum": 6,
      "ammo": 2
    },
    "207": {
      "name": "Devastator",
      "unique": true,
      "state": true,
      "type": "weapon",
      "weaponnum": 7,
      "ammo": 10
    },
    "208": {
      "name": "Tripmine",
      "unique": true,
      "state": true,
      "type": "weapon",
      "weaponnum": 8,
      "ammo": 1
    },
    "209": {
      "name": "Freezthrower",
      "unique": true,
      "state": true,
      "type": "weapon",
      "weaponnum": 9,
      "ammo": 20
    },
    "211": {
      "name": "Microwave Expander",
      "unique": true,
      "state": true,
      "type": "weapon",
      "weaponnum": 11,
      "ammo": 2
    },
    "222": {
      "name": "Shotgun Capacity",
      "state": true,
      "type": "maxammo",
      "weaponnum": 2,
      "ammo": 10
    },
    "242": {
      "name": "Progressive Shotgun",
      "state": true,
      "silent": true,
      "type": "progressive",
      "items": [
        202,
        222
      ]
    },
    "300": {
      "name": "Steroids",
      "unique": true,
      "state": true,
      "type": "inventory",
      "invnum": 0,
      "capacity": 40
    },
    "320": {
      "name": "Steroids Capacity",
      "state": true,
      "type": "invcapacity",
      "invnum": 0,
      "capacity": 40
    },
    "340": {
      "name": "Progressive Steroids",
      "state": true,
      "silent": true,
      "type": "progressive",
      "items": [
        300,
        320
      ]
    },
    "301": {
      "name": "Armor",
      "type": "inventory",
      "invnum": 1,
      "capacity": 40,
      "max_capacity": 100
    },
    "302": {
      "name": "Scube Gear",
      "unique": true,
      "state": true,
      "type": "inventory",
      "invnum": 2,
      "capacity": 100
    },
    "322": {
      "name": "Scuba Gear Capacity",
      "state": true,
      "type": "invcapacity",
      "invnum": 2,
      "capacity": 100
    },
    "342": {
      "name": "Progressive Scuba Gear",
      "state": true,
      "silent": true,
      "type": "progressive",
      "items": [
        302,
        322
      ]
    },
    "303": {
      "name": "Holo Duke",
      "type": "inventory",
      "invnum": 3,
      "capacity": 600
    },
    "304": {
      "name": "Jetpack",
      "unique": true,
      "state": true,
      "type": "inventory",
      "invnum": 4,
      "capacity": 100
    },
    "324": {
      "name": "Jetpack Capacity",
      "state": true,
      "type": "invcapacity",
      "invnum": 4,
      "capacity": 100
    },
    "344": {
      "name": "Progressive Jetpack",
      "state": true,
      "silent": true,
      "type": "progressive",
      "items": [
        304,
        324
      ]
    },
    "307": {
      "name": "Night Vision Goggles",
      "type": "inventory",
      "invnum": 7,
      "capacity": 400,
      "max_capacity": 1600
    },
    "309": {
      "name": "First Aid Kit",
      "type": "inventory",
      "invnum": 9,
      "capacity": 35,
      "max_capacity": 100
    },
    "310": {
      "name": "Protective Boots",
      "type": "inventory",
      "invnum": 10,
      "capacity": 100,
      "max_capacity": 300
    }
  }
}