{
  "game": "Duke Nukem 3D",
  "game_id": 1,
  "locations": {
    "e1l1": {
      "name": "Hollywood Holocaust",
      "sprites": {
        "561": {
          "id": 123
        },
        "562": {
          "id": 124
        },
        "sectors": {
          "149": {
            "id": 1800,
            "name": ""
          },
          "154": {
            "id": 1801,
            "name": ""
          },
          "197": {
            "id": 1802,
            "name": ""
          },
          "211": {
            "id": 1803,
            "name": ""
          },
          "238": {
            "id": 1804,
            "name": ""
          },
          "241": {
            "id": 1805,
            "name": ""
          },
          "249": {
            "id": 1806,
            "name": ""
          },
          "290": {
            "id": 1807,
            "name": ""
          }
        },
        "exits": {
          "normal": 1700
        }
      },
      "e1l2": {
        "name": "",
        "sprites": {},
        "sectors": {
          "91": {
            "id": 1808,
            "name": ""
          },
          "107": {
            "id": 1809,
            "name": ""
          },
          "158": {
            "id": 1810,
            "name": ""
          },
          "161": {
            "id": 1811,
            "name": ""
          },
          "172": {
            "id": 1812,
            "name": ""
          },
          "177": {
            "id": 1813,
            "name": ""
          },
          "187": {
            "id": 1814,
            "name": ""
          },
          "218": {
            "id": 1815,
            "name": ""
          }
        },
        "exits": {
          "normal": 1701
        }
      },
      "e1l3": {
        "name": "",
        "sprites": {},
        "sectors": {
          "76": {
            "id": 1816,
            "name": ""
          },
          "296": {
            "id": 1817,
            "name": ""
          },
          "304": {
            "id": 1818,
            "name": ""
          },
          "317": {
            "id": 1819,
            "name": ""
          },
          "379": {
            "id": 1820,
            "name": ""
          },
          "387": {
            "id": 1821,
            "name": ""
          },
          "393": {
            "id": 1822,
            "name": ""
          },
          "401": {
            "id": 1823,
            "name": ""
          },
          "424": {
            "id": 1824,
            "name": ""
          },
          "426": {
            "id": 1825,
            "name": ""
          }
        },
        "exits": {
          "normal": 1702
        }
      },
      "e1l4": {
        "name": "",
        "sprites": {},
        "sectors": {
          "88": {
            "id": 1826,
            "name": ""
          },
          "89": {
            "id": 1827,
            "name": ""
          },
          "90": {
            "id": 1828,
            "name": ""
          },
          "184": {
            "id": 1829,
            "name": ""
          },
          "267": {
            "id": 1830,
            "name": ""
          },
          "274": {
            "id": 1831,
            "name": ""
          },
          "330": {
            "id": 1832,
            "name": ""
          },
          "331": {
            "id": 1833,
            "name": ""
          },
          "418": {
            "id": 1834,
            "name": ""
          },
          "421": {
            "id": 1835,
            "name": ""
          },
          "430": {
            "id": 1836,
            "name": ""
          },
          "435": {
            "id": 1837,
            "name": ""
          },
          "453": {
            "id": 1838,
            "name": ""
          },
          "465": {
            "id": 1839,
            "name": ""
          }
        },
        "exits": {
          "normal": 1703
        }
      },
      "e1l5": {
        "name": "",
        "sprites": {},
        "sectors": {
          "7": {
            "id": 1840,
            "name": ""
          },
          "21": {
            "id": 1841,
            "name": ""
          },
          "257": {
            "id": 1842,
            "name": ""
          },
          "354": {
            "id": 1843,
            "name": ""
          },
          "440": {
            "id": 1844,
            "name": ""
          },
          "441": {
            "id": 1845,
            "name": ""
          }
        },
        "exits": {
          "normal": 1704
        }
      },
      "e1l6": {
        "name": "",
        "sprites": {},
        "sectors": {
          "218": {
            "id": 1846,
            "name": ""
          },
          "224": {
            "id": 1847,
            "name": ""
          },
          "277": {
            "id": 1848,
            "name": ""
          },
          "327": {
            "id": 1849,
            "name": ""
          }
        },
        "exits": {
          "normal": 1705
        }
      },
      "e1l7": {
        "name": "",
        "sprites": {},
        "sectors": {
          "110": {
            "id": 1850,
            "name": ""
          },
          "111": {
            "id": 1851,
            "name": ""
          }
        },
        "exits": {
          "normal": 1706
        }
      },
      "e2l1": {
        "name": "",
        "sprites": {},
        "sectors": {
          "4": {
            "id": 1852,
            "name": ""
          },
          "275": {
            "id": 1853,
            "name": ""
          },
          "304": {
            "id": 1854,
            "name": ""
          },
          "321": {
            "id": 1855,
            "name": ""
          },
          "334": {
            "id": 1856,
            "name": ""
          },
          "354": {
            "id": 1857,
            "name": ""
          }
        },
        "exits": {
          "normal": 1707
        }
      },
      "e2l2": {
        "name": "",
        "sprites": {},
        "sectors": {
          "142": {
            "id": 1858,
            "name": ""
          },
          "153": {
            "id": 1859,
            "name": ""
          },
          "155": {
            "id": 1860,
            "name": ""
          },
          "156": {
            "id": 1861,
            "name": ""
          },
          "248": {
            "id": 1862,
            "name": ""
          }
        },
        "exits": {
          "normal": 1708
        }
      },
      "e2l3": {
        "name": "",
        "sprites": {},
        "sectors": {
          "42": {
            "id": 1863,
            "name": ""
          },
          "297": {
            "id": 1864,
            "name": ""
          }
        },
        "exits": {
          "normal": 1709
        }
      },
      "e2l4": {
        "name": "",
        "sprites": {},
        "sectors": {
          "317": {
            "id": 1865,
            "name": ""
          },
          "374": {
            "id": 1866,
            "name": ""
          },
          "378": {
            "id": 1867,
            "name": ""
          },
          "384": {
            "id": 1868,
            "name": ""
          },
          "405": {
            "id": 1869,
            "name": ""
          },
          "409": {
            "id": 1870,
            "name": ""
          },
          "416": {
            "id": 1871,
            "name": ""
          }
        },
        "exits": {
          "normal": 1710
        }
      },
      "e2l5": {
        "name": "",
        "sprites": {},
        "sectors": {
          "136": {
            "id": 1872,
            "name": ""
          },
          "185": {
            "id": 1873,
            "name": ""
          },
          "225": {
            "id": 1874,
            "name": ""
          },
          "238": {
            "id": 1875,
            "name": ""
          }
        },
        "exits": {
          "normal": 1711
        }
      },
      "e2l6": {
        "name": "",
        "sprites": {},
        "sectors": {
          "67": {
            "id": 1876,
            "name": ""
          },
          "72": {
            "id": 1877,
            "name": ""
          },
          "136": {
            "id": 1878,
            "name": ""
          },
          "145": {
            "id": 1879,
            "name": ""
          },
          "166": {
            "id": 1880,
            "name": ""
          },
          "258": {
            "id": 1881,
            "name": ""
          },
          "288": {
            "id": 1882,
            "name": ""
          },
          "309": {
            "id": 1883,
            "name": ""
          }
        },
        "exits": {
          "normal": 1712
        }
      },
      "e2l7": {
        "name": "",
        "sprites": {},
        "sectors": {
          "181": {
            "id": 1884,
            "name": ""
          },
          "206": {
            "id": 1885,
            "name": ""
          },
          "330": {
            "id": 1886,
            "name": ""
          },
          "387": {
            "id": 1887,
            "name": ""
          },
          "390": {
            "id": 1888,
            "name": ""
          },
          "395": {
            "id": 1889,
            "name": ""
          },
          "396": {
            "id": 1890,
            "name": ""
          }
        },
        "exits": {
          "normal": 1713
        }
      },
      "e2l8": {
        "name": "",
        "sprites": {},
        "sectors": {
          "352": {
            "id": 1891,
            "name": ""
          },
          "579": {
            "id": 1892,
            "name": ""
          },
          "647": {
            "id": 1893,
            "name": ""
          },
          "675": {
            "id": 1894,
            "name": ""
          },
          "701": {
            "id": 1895,
            "name": ""
          },
          "713": {
            "id": 1896,
            "name": ""
          },
          "726": {
            "id": 1897,
            "name": ""
          }
        },
        "exits": {
          "normal": 1714
        }
      },
      "e2l9": {
        "name": "",
        "sprites": {},
        "sectors": {
          "203": {
            "id": 1898,
            "name": ""
          },
          "219": {
            "id": 1899,
            "name": ""
          },
          "225": {
            "id": 1900,
            "name": ""
          },
          "246": {
            "id": 1901,
            "name": ""
          }
        },
        "exits": {
          "normal": 1715
        }
      },
      "e2l10": {
        "name": "",
        "sprites": {},
        "sectors": {},
        "exits": {
          "normal": 1716
        }
      },
      "e2l11": {
        "name": "",
        "sprites": {},
        "sectors": {},
        "exits": {
          "normal": 1717
        }
      },
      "e3l1": {
        "name": "",
        "sprites": {},
        "sectors": {
          "135": {
            "id": 1902,
            "name": ""
          },
          "137": {
            "id": 1903,
            "name": ""
          },
          "161": {
            "id": 1904,
            "name": ""
          },
          "287": {
            "id": 1905,
            "name": ""
          },
          "332": {
            "id": 1906,
            "name": ""
          },
          "338": {
            "id": 1907,
            "name": ""
          },
          "344": {
            "id": 1908,
            "name": ""
          }
        },
        "exits": {
          "normal": 1718
        }
      },
      "e3l2": {
        "name": "",
        "sprites": {},
        "sectors": {
          "17": {
            "id": 1909,
            "name": ""
          },
          "119": {
            "id": 1910,
            "name": ""
          },
          "190": {
            "id": 1911,
            "name": ""
          },
          "208": {
            "id": 1912,
            "name": ""
          },
          "235": {
            "id": 1913,
            "name": ""
          }
        },
        "exits": {
          "normal": 1719
        }
      },
      "e3l3": {
        "name": "",
        "sprites": {},
        "sectors": {
          "178": {
            "id": 1914,
            "name": ""
          },
          "221": {
            "id": 1915,
            "name": ""
          },
          "222": {
            "id": 1916,
            "name": ""
          },
          "232": {
            "id": 1917,
            "name": ""
          },
          "259": {
            "id": 1918,
            "name": ""
          }
        },
        "exits": {
          "normal": 1720
        }
      },
      "e3l4": {
        "name": "",
        "sprites": {},
        "sectors": {
          "166": {
            "id": 1919,
            "name": ""
          },
          "195": {
            "id": 1920,
            "name": ""
          },
          "205": {
            "id": 1921,
            "name": ""
          }
        },
        "exits": {
          "normal": 1721
        }
      },
      "e3l5": {
        "name": "",
        "sprites": {},
        "sectors": {
          "88": {
            "id": 1922,
            "name": ""
          },
          "149": {
            "id": 1923,
            "name": ""
          },
          "183": {
            "id": 1924,
            "name": ""
          },
          "195": {
            "id": 1925,
            "name": ""
          }
        },
        "exits": {
          "normal": 1722
        }
      },
      "e3l6": {
        "name": "",
        "sprites": {},
        "sectors": {
          "6": {
            "id": 1926,
            "name": ""
          },
          "132": {
            "id": 1927,
            "name": ""
          },
          "149": {
            "id": 1928,
            "name": ""
          },
          "163": {
            "id": 1929,
            "name": ""
          },
          "172": {
            "id": 1930,
            "name": ""
          },
          "182": {
            "id": 1931,
            "name": ""
          }
        },
        "exits": {
          "normal": 1723
        }
      },
      "e3l7": {
        "name": "",
        "sprites": {},
        "sectors": {
          "111": {
            "id": 1932,
            "name": ""
          },
          "133": {
            "id": 1933,
            "name": ""
          },
          "176": {
            "id": 1934,
            "name": ""
          },
          "179": {
            "id": 1935,
            "name": ""
          }
        },
        "exits": {
          "normal": 1724
        }
      },
      "e3l8": {
        "name": "",
        "sprites": {},
        "sectors": {
          "138": {
            "id": 1936,
            "name": ""
          },
          "155": {
            "id": 1937,
            "name": ""
          },
          "284": {
            "id": 1938,
            "name": ""
          }
        },
        "exits": {
          "normal": 1725
        }
      },
      "e3l9": {
        "name": "",
        "sprites": {},
        "sectors": {},
        "exits": {
          "normal": 1726
        }
      },
      "e3l10": {
        "name": "",
        "sprites": {},
        "sectors": {
          "148": {
            "id": 1939,
            "name": ""
          },
          "156": {
            "id": 1940,
            "name": ""
          },
          "164": {
            "id": 1941,
            "name": ""
          },
          "172": {
            "id": 1942,
            "name": ""
          }
        },
        "exits": {
          "normal": 1727
        }
      },
      "e3l11": {
        "name": "",
        "sprites": {},
        "sectors": {
          "120": {
            "id": 1943,
            "name": ""
          },
          "148": {
            "id": 1944,
            "name": ""
          },
          "229": {
            "id": 1945,
            "name": ""
          },
          "242": {
            "id": 1946,
            "name": ""
          },
          "246": {
            "id": 1947,
            "name": ""
          }
        },
        "exits": {
          "normal": 1728
        }
      },
      "e4l1": {
        "name": "",
        "sprites": {},
        "sectors": {
          "116": {
            "id": 1948,
            "name": ""
          },
          "221": {
            "id": 1949,
            "name": ""
          },
          "232": {
            "id": 1950,
            "name": ""
          },
          "270": {
            "id": 1951,
            "name": ""
          },
          "274": {
            "id": 1952,
            "name": ""
          },
          "388": {
            "id": 1953,
            "name": ""
          },
          "414": {
            "id": 1954,
            "name": ""
          }
        },
        "exits": {
          "normal": 1729
        }
      },
      "e4l2": {
        "name": "",
        "sprites": {},
        "sectors": {
          "102": {
            "id": 1955,
            "name": ""
          },
          "311": {
            "id": 1956,
            "name": ""
          },
          "313": {
            "id": 1957,
            "name": ""
          },
          "321": {
            "id": 1958,
            "name": ""
          }
        },
        "exits": {
          "normal": 1730
        }
      },
      "e4l3": {
        "name": "",
        "sprites": {},
        "sectors": {
          "70": {
            "id": 1959,
            "name": ""
          },
          "176": {
            "id": 1960,
            "name": ""
          },
          "274": {
            "id": 1961,
            "name": ""
          },
          "344": {
            "id": 1962,
            "name": ""
          },
          "349": {
            "id": 1963,
            "name": ""
          },
          "362": {
            "id": 1964,
            "name": ""
          },
          "365": {
            "id": 1965,
            "name": ""
          }
        },
        "exits": {
          "normal": 1731
        }
      },
      "e4l4": {
        "name": "",
        "sprites": {},
        "sectors": {
          "90": {
            "id": 1966,
            "name": ""
          },
          "193": {
            "id": 1967,
            "name": ""
          },
          "200": {
            "id": 1968,
            "name": ""
          },
          "336": {
            "id": 1969,
            "name": ""
          }
        },
        "exits": {
          "normal": 1732
        }
      },
      "e4l5": {
        "name": "",
        "sprites": {},
        "sectors": {
          "5": {
            "id": 1970,
            "name": ""
          },
          "56": {
            "id": 1971,
            "name": ""
          },
          "123": {
            "id": 1972,
            "name": ""
          },
          "465": {
            "id": 1973,
            "name": ""
          },
          "469": {
            "id": 1974,
            "name": ""
          }
        },
        "exits": {
          "normal": 1733
        }
      },
      "e4l6": {
        "name": "",
        "sprites": {},
        "sectors": {
          "185": {
            "id": 1975,
            "name": ""
          },
          "250": {
            "id": 1976,
            "name": ""
          },
          "302": {
            "id": 1977,
            "name": ""
          },
          "317": {
            "id": 1978,
            "name": ""
          }
        },
        "exits": {
          "normal": 1734
        }
      },
      "e4l7": {
        "name": "",
        "sprites": {},
        "sectors": {
          "65": {
            "id": 1979,
            "name": ""
          },
          "232": {
            "id": 1980,
            "name": ""
          },
          "265": {
            "id": 1981,
            "name": ""
          }
        },
        "exits": {
          "normal": 1735
        }
      },
      "e4l8": {
        "name": "",
        "sprites": {},
        "sectors": {
          "105": {
            "id": 1982,
            "name": ""
          },
          "116": {
            "id": 1983,
            "name": ""
          },
          "234": {
            "id": 1984,
            "name": ""
          },
          "240": {
            "id": 1985,
            "name": ""
          }
        },
        "exits": {
          "normal": 1736
        }
      },
      "e4l9": {
        "name": "",
        "sprites": {},
        "sectors": {
          "347": {
            "id": 1986,
            "name": ""
          },
          "718": {
            "id": 1987,
            "name": ""
          },
          "761": {
            "id": 1988,
            "name": ""
          },
          "795": {
            "id": 1989,
            "name": ""
          },
          "800": {
            "id": 1990,
            "name": ""
          }
        },
        "exits": {
          "normal": 1737
        }
      },
      "e4l10": {
        "name": "",
        "sprites": {},
        "sectors": {
          "65": {
            "id": 1991,
            "name": ""
          },
          "67": {
            "id": 1992,
            "name": ""
          },
          "70": {
            "id": 1993,
            "name": ""
          },
          "72": {
            "id": 1994,
            "name": ""
          },
          "197": {
            "id": 1995,
            "name": ""
          },
          "357": {
            "id": 1996,
            "name": ""
          },
          "630": {
            "id": 1997,
            "name": ""
          }
        },
        "exits": {
          "normal": 1738
        }
      },
      "e4l11": {
        "name": "",
        "sprites": {},
        "sectors": {
          "50": {
            "id": 1998,
            "name": ""
          },
          "54": {
            "id": 1999,
            "name": ""
          },
          "82": {
            "id": 2000,
            "name": ""
          },
          "293": {
            "id": 2001,
            "name": ""
          },
          "337": {
            "id": 2002,
            "name": ""
          },
          "440": {
            "id": 2003,
            "name": ""
          },
          "574": {
            "id": 2004,
            "name": ""
          }
        },
        "exits": {
          "normal": 1739
        }
      }
    }
  }
}