{
  "game": "Duke Nukem 3D",
  "game_id": 1,
  "episodes": {
    "E1": {
      "name": "L.A. Meltdown",
      "volumenum": 0,
      "levels": {
        "E1L1": {
          "name": "Hollywood Holocaust",
          "levelnum": 0,
          "unlock": 1700,
          "exit": 1700
        },
        "E1L2": {
          "name": "Red Light District",
          "levelnum": 1,
          "unlock": 1701,
          "exit": 1701
        },
        "E1L3": {
          "name": "Death Row",
          "levelnum": 2,
          "unlock": 1702,
          "exit": 1702
        },
        "E1L4": {
          "name": "Toxic Dump",
          "levelnum": 3,
          "unlock": 1703,
          "exit": 1703
        },
        "E1L5": {
          "name": "The Abyss",
          "levelnum": 4,
          "unlock": 1704,
          "exit": 1704
        },
        "E1L6": {
          "name": "Launch Facility",
          "levelnum": 5,
          "unlock": 1705,
          "exit": 1705
        },
        "E1L7": {
          "name": "Faces of Death",
          "levelnum": 6,
          "unlock": 1706,
          "exit": 1706
        }
      }
    },
    "E2": {
      "name": "Lunar Apocalypse",
      "volumenum": 1,
      "levels": {
        "E2L1": {
          "name": "Spaceport",
          "levelnum": 0,
          "unlock": 1707,
          "exit": 1707
        },
        "E2L2": {
          "name": "Incubator",
          "levelnum": 1,
          "unlock": 1708,
          "exit": 1708
        },
        "E2L3": {
          "name": "Warp Factor",
          "levelnum": 2,
          "unlock": 1709,
          "exit": 1709
        },
        "E2L4": {
          "name": "Fusion Station",
          "levelnum": 3,
          "unlock": 1710,
          "exit": 1710
        },
        "E2L5": {
          "name": "Occupied Territory",
          "levelnum": 4,
          "unlock": 1711,
          "exit": 1711
        },
        "E2L6": {
          "name": "Tiberius Station",
          "levelnum": 5,
          "unlock": 1712,
          "exit": 1712
        },
        "E2L7": {
          "name": "Lunar Reactor",
          "levelnum": 6,
          "unlock": 1713,
          "exit": 1713
        },
        "E2L8": {
          "name": "Dark Side",
          "levelnum": 7,
          "unlock": 1714,
          "exit": 1714
        },
        "E2L9": {
          "name": "Overlord",
          "levelnum": 8,
          "unlock": 1715,
          "exit": 1715
        },
        "E2L10": {
          "name": "Spin Cycle",
          "levelnum": 9,
          "unlock": 1716,
          "exit": 1716
        },
        "E2L11": {
          "name": "Lunatic Fringe",
          "levelnum": 10,
          "unlock": 1717,
          "exit": 1717
        }
      }
    },
    "E3": {
      "name": "Shrapnel City",
      "volumenum": 2,
      "levels": {
        "E3L1": {
          "name": "Raw Meat",
          "levelnum": 0,
          "unlock": 1718,
          "exit": 1718
        },
        "E3L2": {
          "name": "Bank Roll",
          "levelnum": 1,
          "unlock": 1719,
          "exit": 1719
        },
        "E3L3": {
          "name": "Flood Zone",
          "levelnum": 2,
          "unlock": 1720,
          "exit": 1720
        },
        "E3L4": {
          "name": "L.A. Rumble",
          "levelnum": 3,
          "unlock": 1721,
          "exit": 1721
        },
        "E3L5": {
          "name": "Movie Set",
          "levelnum": 4,
          "unlock": 1722,
          "exit": 1722
        },
        "E3L6": {
          "name": "Rabid Transit",
          "levelnum": 5,
          "unlock": 1723,
          "exit": 1723
        },
        "E3L7": {
          "name": "Fahrenheit",
          "levelnum": 6,
          "unlock": 1724,
          "exit": 1724
        },
        "E3L8": {
          "name": "Hotel Hell",
          "levelnum": 7,
          "unlock": 1725,
          "exit": 1725
        },
        "E3L9": {
          "name": "Stadium",
          "levelnum": 8,
          "unlock": 1726,
          "exit": 1726
        },
        "E3L10": {
          "name": "Tier Drops",
          "levelnum": 9,
          "unlock": 1727,
          "exit": 1727
        },
        "E3L11": {
          "name": "Freeway",
          "levelnum": 10,
          "unlock": 1728,
          "exit": 1728
        }
      }
    },
    "E4": {
      "name": "The Birth",
      "volumenum": 3,
      "levels": {
        "E4L1": {
          "name": "It's Impossible",
          "levelnum": 0,
          "unlock": 1729,
          "exit": 1729
        },
        "E4L2": {
          "name": "Duke-Burger",
          "levelnum": 1,
          "unlock": 1730,
          "exit": 1730
        },
        "E4L3": {
          "name": "Shop-N-Bag",
          "levelnum": 2,
          "unlock": 1731,
          "exit": 1731
        },
        "E4L4": {
          "name": "Babe Land",
          "levelnum": 3,
          "unlock": 1732,
          "exit": 1732
        },
        "E4L5": {
          "name": "Pigsty",
          "levelnum": 4,
          "unlock": 1733,
          "exit": 1733
        },
        "E4L6": {
          "name": "Going Postal",
          "levelnum": 5,
          "unlock": 1734,
          "exit": 1734
        },
        "E4L7": {
          "name": "XXX-Stacy",
          "levelnum": 6,
          "unlock": 1735,
          "exit": 1735
        },
        "E4L8": {
          "name": "Critical Mass",
          "levelnum": 7,
          "unlock": 1736,
          "exit": 1736
        },
        "E4L9": {
          "name": "Derelict",
          "levelnum": 8,
          "unlock": 1737,
          "exit": 1737
        },
        "E4L10": {
          "name": "The Queen",
          "levelnum": 9,
          "unlock": 1738,
          "exit": 1738
        },
        "E4L11": {
          "name": "Area 51",
          "levelnum": 10,
          "unlock": 1739,
          "exit": 1739
        }
      }
    }
  },
  "locations": {
    "E1L1": {
      "sprites": {
        "25": {
          "id": 1,
          "name": "Exit Ledge Night Vision Goggles"
        },
        "26": {
          "id": 2,
          "name": "Bachelor RPG"
        },
        "27": {
          "id": 3,
          "name": "Bachelor Pipebombs"
        },
        "40": {
          "id": 4,
          "name": "Elevator Night Vision"
        },
        "44": {
          "id": 5,
          "name": "Bachelor Shotgun"
        },
        "45": {
          "id": 6,
          "name": "Bachelor Chaingun"
        },
        "81": {
          "id": -1,
          "name": "MP Start Shotgun"
        },
        "82": {
          "id": 7,
          "name": "Billboard RPG"
        },
        "111": {
          "id": -1,
          "name": "MP Chaingun behind Screen"
        },
        "170": {
          "id": 8,
          "name": "Outside Ledge Atomic Health"
        },
        "209": {
          "id": 9,
          "name": "Cash Register Atomic Health"
        },
        "297": {
          "id": 10,
          "name": "Arcade Holo Duke"
        },
        "337": {
          "id": 11,
          "name": "Cash Register Shotgun"
        },
        "376": {
          "id": 12,
          "name": "Toilet Medkit"
        },
        "400": {
          "id": 13,
          "name": "Projector Atomic Health"
        },
        "421": {
          "id": -1,
          "name": "MP Exit Shotgun"
        },
        "431": {
          "id": 14,
          "name": "Projector Secret RPG"
        },
        "447": {
          "id": 15,
          "name": "Jetpack behind Screen"
        },
        "451": {
          "id": 16,
          "name": "Red Key Card"
        },
        "527": {
          "id": 17,
          "name": "Poster Steroids"
        },
        "530": {
          "id": -1,
          "name": "MP Poster Chaingun"
        },
        "532": {
          "id": 18,
          "name": "Cinema Armor"
        },
        "535": {
          "id": -1,
          "name": "MP Red Door Pipebombs"
        },
        "546": {
          "id": 19,
          "name": "Cash Register Alcove Armor"
        },
        "595": {
          "id": 20,
          "name": "Projector Steroids"
        },
        "632": {
          "id": 21,
          "name": "Elevator Pipebombs"
        },
        "633": {
          "id": 22,
          "name": "Jetpack above Exit"
        }
      },
      "sectors": {
        "149": {
          "id": 1800,
          "name": "Secret: Behind the Screen"
        },
        "154": {
          "id": 1801,
          "name": "Secret: Projector Hidden Room"
        },
        "197": {
          "id": 1802,
          "name": "Secret: Hidden Apartment"
        },
        "211": {
          "id": 1803,
          "name": "Secret: Projector Security Room"
        },
        "238": {
          "id": 1804,
          "name": "Secret: Behind Poster"
        },
        "241": {
          "id": 1805,
          "name": "Secret: Cash Register Alcove"
        },
        "249": {
          "id": 1806,
          "name": "Secret: Bachelor Apartment"
        },
        "290": {
          "id": 1807,
          "name": "Secret: Below Billboard"
        }
      },
      "exits": {
        "0": {
          "id": 1700,
          "name": "Exit"
        }
      }
    },
    "E1L2": {
      "sprites": {
        "27": {
          "id": 23,
          "name": "Blue Key Card"
        },
        "51": {
          "id": 24,
          "name": "Sewers Jetpack"
        },
        "52": {
          "id": 25,
          "name": "Sewers Night Vision Goggles"
        },
        "53": {
          "id": 26,
          "name": "Sewers Steroids"
        },
        "54": {
          "id": 27,
          "name": "Sewers Holo Duke"
        },
        "63": {
          "id": 28,
          "name": "Vent Pipebombs"
        },
        "120": {
          "id": -1,
          "name": "MP Steroids outside Strip Floor"
        },
        "170": {
          "id": 29,
          "name": "Night Vision Goggles behind Curtains"
        },
        "174": {
          "id": 30,
          "name": "Strippers Chaingun"
        },
        "179": {
          "id": 31,
          "name": "Yellow Key Card"
        },
        "183": {
          "id": 32,
          "name": "Dark Area Atomic Health"
        },
        "186": {
          "id": 33,
          "name": "Toilets Night Vision Goggles"
        },
        "188": {
          "id": 34,
          "name": "Pornography Store Shelves Pipebombs"
        },
        "189": {
          "id": 35,
          "name": "Pornography Store Shelves Armor"
        },
        "192": {
          "id": 36,
          "name": "Video Booth RPG"
        },
        "208": {
          "id": 37,
          "name": "Pornography Store Corner Holo Duke"
        },
        "249": {
          "id": 38,
          "name": "Red Key Card"
        },
        "260": {
          "id": 39,
          "name": "Sewers Atomic Health"
        },
        "265": {
          "id": 40,
          "name": "Sewers Pipebombs"
        },
        "278": {
          "id": 41,
          "name": "Attic Medkit"
        },
        "366": {
          "id": -1,
          "name": "MP Outside Ledge Jetpack"
        },
        "367": {
          "id": 42,
          "name": "Outside Ledge Armor"
        },
        "391": {
          "id": 43,
          "name": "Strip Club Entrance Shotgun"
        },
        "407": {
          "id": 44,
          "name": "Video Booth Steroids",
          "type": "trashcan"
        },
        "442": {
          "id": 45,
          "name": "Chaingun near Blue Key Card"
        },
        "497": {
          "id": 46,
          "name": "Vent Atomic Health"
        },
        "515": {
          "id": 47,
          "name": "Pornography Store Shotgun"
        },
        "751": {
          "id": -1,
          "name": "MP Bar RPG"
        },
        "822": {
          "id": 48,
          "name": "Pornography Store Atomic Health"
        },
        "823": {
          "id": 49,
          "name": "Construction Site Medkit"
        },
        "824": {
          "id": -1,
          "name": "MP Outside Ledge Spawn Pipebombs"
        }
      },
      "sectors": {
        "91": {
          "id": 1808,
          "name": "Strip Club Vents"
        },
        "107": {
          "id": 1809,
          "name": "Hidden Ledge behind Curtains"
        },
        "158": {
          "id": 1810,
          "name": "Pornography Store Corner"
        },
        "161": {
          "id": 1811,
          "name": "Pornography Store Shelves"
        },
        "172": {
          "id": 1812,
          "name": "Pornography Store Dark Area"
        },
        "177": {
          "id": 1813,
          "name": "Behind Strippers"
        },
        "187": {
          "id": 1814,
          "name": "Attic Hidden Compartment"
        },
        "218": {
          "id": 1815,
          "name": "Sewers"
        }
      },
      "exits": {
        "0": {
          "id": 1701,
          "name": "Exit"
        }
      }
    },
    "E1L3": {
      "sprites": {
        "48": {
          "id": 50,
          "name": "Control Room Secret Atomic Health"
        },
        "79": {
          "id": 51,
          "name": "Control Room Vent Armor"
        },
        "160": {
          "id": 52,
          "name": "Electric Chair Medkit"
        },
        "185": {
          "id": 53,
          "name": "Cell Black 01 Broken Wall Atomic Health"
        },
        "236": {
          "id": 54,
          "name": "Electric Chair Shotgun"
        },
        "269": {
          "id": 55,
          "name": "Control Room Secret Pipebombs"
        },
        "280": {
          "id": 56,
          "name": "Submarine Gate Scuba Gear"
        },
        "367": {
          "id": 57,
          "name": "Gear Room Atomic Health"
        },
        "411": {
          "id": 58,
          "name": "Cell BLock 01 RPG"
        },
        "413": {
          "id": -1,
          "name": "MP Outside Medkit"
        },
        "485": {
          "id": 59,
          "name": "Yellow Key Card"
        },
        "488": {
          "id": 60,
          "name": "Outside Hidden Tunnel Atomic Health 1"
        },
        "489": {
          "id": 61,
          "name": "Outside Hidden Tunnel Atomic Health 2"
        },
        "490": {
          "id": 62,
          "name": "Outside Hidden Tunnel Atomic Health 3"
        },
        "504": {
          "id": 63,
          "name": "Submarine Engine Room Medkit"
        },
        "532": {
          "id": 64,
          "name": "Underwater Pipebombs"
        },
        "564": {
          "id": 65,
          "name": "Chapel Chaingun"
        },
        "598": {
          "id": 66,
          "name": "MP Showers Shotgun"
        },
        "606": {
          "id": 67,
          "name": "Showers Protective Boots"
        },
        "642": {
          "id": 68,
          "name": "Hanged Monk Atomic Health",
          "type": "monk"
        },
        "676": {
          "id": 69,
          "name": "Chapel Rafters Armor"
        },
        "677": {
          "id": 70,
          "name": "Chapel Rafters Atomic Health"
        },
        "697": {
          "id": 71,
          "name": "Gear Room Night Vision Goggles"
        },
        "699": {
          "id": 72,
          "name": "Blue Key Card"
        },
        "803": {
          "id": 73,
          "name": "Submarine Gate Hidden Night Vision Goggles"
        },
        "813": {
          "id": 74,
          "name": "Breakable Canyon Wall Steroids"
        },
        "847": {
          "id": 75,
          "name": "Outside Pipebombs"
        },
        "851": {
          "id": 76,
          "name": "Red Key Card"
        },
        "856": {
          "id": 77,
          "name": "Gear Room RPG"
        },
        "870": {
          "id": -1,
          "name": "MP Cell Block 01 Broken Wall Holo Duke"
        },
        "899": {
          "id": 78,
          "name": "Control Room Chaingun"
        },
        "902": {
          "id": 79,
          "name": "Chapel Window Steroids"
        },
        "903": {
          "id": -1,
          "name": "MP Cell Block 02 Jetpack"
        }
      },
      "sectors": {
        "76": {
          "id": 1816,
          "name": "Outside Hidden Tunnel"
        },
        "296": {
          "id": 1817,
          "name": "Electric Chair"
        },
        "304": {
          "id": 1818,
          "name": "Chapel Rafters"
        },
        "317": {
          "id": 1819,
          "name": "Chapel Window"
        },
        "379": {
          "id": 1820,
          "name": "Behind Bed"
        },
        "387": {
          "id": 1821,
          "name": "Submarine Engine Room"
        },
        "393": {
          "id": 1822,
          "name": "Submarine Gate Hidden Alcove"
        },
        "401": {
          "id": 1823,
          "name": "Breakable Canyon Wall"
        },
        "424": {
          "id": 1824,
          "name": "Control Room Right Alcove"
        },
        "426": {
          "id": 1825,
          "name": "Control Room Left Alcove"
        }
      },
      "exits": {
        "0": {
          "id": 1702,
          "name": "Exit"
        }
      }
    },
    "E1L4": {
      "sprites": {
        "59": {
          "id": 80,
          "name": "Gear Room Secret Scuba Gear"
        },
        "60": {
          "id": 81,
          "name": "Gear Room Secret Armor"
        },
        "67": {
          "id": 82,
          "name": "Canyon Steroids"
        },
        "86": {
          "id": 83,
          "name": "Secret Alcove Holo Duke outside Submarine"
        },
        "210": {
          "id": 84,
          "name": "Red Key Card"
        },
        "247": {
          "id": 85,
          "name": "Blue Key Card"
        },
        "274": {
          "id": 86,
          "name": "Guard Tower Chaingun"
        },
        "293": {
          "id": -1,
          "name": "MP Sewage Chaingun"
        },
        "294": {
          "id": 87,
          "name": "Toxic Waste Belt Scuba Gear"
        },
        "301": {
          "id": 88,
          "name": "Sewage Atomic Health"
        },
        "625": {
          "id": 89,
          "name": "Gear Room Medkit"
        },
        "626": {
          "id": 90,
          "name": "Underwater Canyon Night Vision Goggles"
        },
        "741": {
          "id": 91,
          "name": "Submarine Return Cave Atomic Health"
        },
        "899": {
          "id": 92,
          "name": "Sewage Protective Boots"
        },
        "905": {
          "id": -1,
          "name": "MP Waterfall Shotgun"
        },
        "913": {
          "id": 93,
          "name": "Underwater Canyon Chaingun"
        },
        "929": {
          "id": 94,
          "name": "Underwater Gate RPG"
        },
        "957": {
          "id": 95,
          "name": "Underwater Scuba Gear"
        },
        "962": {
          "id": 96,
          "name": "RPG near Blue Key Card"
        },
        "969": {
          "id": 97,
          "name": "Underwater Secret Pipebombs 1"
        },
        "970": {
          "id": 98,
          "name": "Underwater Secret Pipebombs 2"
        },
        "971": {
          "id": 99,
          "name": "Underwater Secret Atomic Health"
        },
        "987": {
          "id": 100,
          "name": "Right Cylinder Atomic Health"
        },
        "988": {
          "id": 101,
          "name": "Underwater Medkit"
        },
        "991": {
          "id": 102,
          "name": "Cylinders Armor"
        },
        "1013": {
          "id": 103,
          "name": "Underwater Hallway Holo Duke"
        },
        "1014": {
          "id": 104,
          "name": "Underwater Canyon Pipebombs"
        },
        "1050": {
          "id": 105,
          "name": "Canyon Secret Scuba Gear"
        },
        "1060": {
          "id": 106,
          "name": "Submarine Medkit"
        },
        "1061": {
          "id": 107,
          "name": "Submarine Atomic Health"
        },
        "1062": {
          "id": 108,
          "name": "Submarine Armor"
        },
        "1069": {
          "id": 109,
          "name": "Shotgun near Red Key Card"
        },
        "1070": {
          "id": 110,
          "name": "Left Cylinder Atomic Health 2"
        },
        "1071": {
          "id": 111,
          "name": "Left Cylinder Atomic Health 1"
        },
        "1074": {
          "id": 112,
          "name": "Canyon Dark Cave Shotgun"
        },
        "1075": {
          "id": 113,
          "name": "Canyon Dark Cave Medkit"
        },
        "1079": {
          "id": 114,
          "name": "Sewage Secret Alcove Atomic Health 1"
        },
        "1080": {
          "id": 115,
          "name": "Sewage Secret Alcove Atomic Health 2"
        },
        "1085": {
          "id": 116,
          "name": "Canyon RPG"
        }
      },
      "sectors": {
        "88": {
          "id": 1826,
          "name": "Submarine Return Cave 1"
        },
        "89": {
          "id": 1827,
          "name": "Submarine Return Cave 2"
        },
        "90": {
          "id": 1828,
          "name": "Submarine Return Cave 3"
        },
        "184": {
          "id": 1829,
          "name": "Waterfall Secret Teleporter"
        },
        "267": {
          "id": 1830,
          "name": "Underwater Secret Cave"
        },
        "274": {
          "id": 1831,
          "name": "Guard Tower"
        },
        "330": {
          "id": 1832,
          "name": "Secret Alcove near Blue Key Card"
        },
        "331": {
          "id": 1833,
          "name": "Sewage Secret Alcove"
        },
        "418": {
          "id": 1834,
          "name": "Toxic Waste Belt Hidden Alcove"
        },
        "421": {
          "id": 1835,
          "name": "Canyon Secret Wall"
        },
        "430": {
          "id": 1836,
          "name": "Top of Submarine"
        },
        "435": {
          "id": 1837,
          "name": "Left Cylinder"
        },
        "453": {
          "id": 1838,
          "name": "Canyon Dark Cave"
        },
        "465": {
          "id": 1839,
          "name": "Secret Exit"
        }
      },
      "exits": {
        "0": {
          "id": 1703,
          "name": "Exit"
        },
        "6": {
          "id": 1740,
          "name": "Secret Exit"
        }
      }
    },
    "E1L5": {
      "sprites": {
        "4": {
          "id": 117,
          "name": "Battlelord Medkit"
        },
        "11": {
          "id": 118,
          "name": "Battlelord Atomic Health 1"
        },
        "12": {
          "id": 119,
          "name": "Battlelord Atomic Health 2"
        },
        "24": {
          "id": 120,
          "name": "Waterfall Chaingun"
        },
        "78": {
          "id": -1,
          "name": "MP Start Chaingun"
        },
        "79": {
          "id": 121,
          "name": "Battlelord Jetpack"
        },
        "80": {
          "id": 122,
          "name": "Battlelord Armor"
        },
        "112": {
          "id": 123,
          "name": "Cracked Wall End Atomic Health"
        },
        "131": {
          "id": 124,
          "name": "Fire Pit Pipe Bombs"
        },
        "216": {
          "id": 125,
          "name": "Top of Spaceship Atomic Health"
        },
        "221": {
          "id": 126,
          "name": "Spaceship Shaft RPG"
        },
        "222": {
          "id": 127,
          "name": "Spaceship Shaft Chaingun"
        },
        "262": {
          "id": 128,
          "name": "Fire Pit Night Vision Goggles"
        },
        "291": {
          "id": 129,
          "name": "Canyon Chaingun"
        },
        "294": {
          "id": -1,
          "name": "MP Secret Fire Pit Armor"
        },
        "311": {
          "id": 130,
          "name": "Pipebombs near Blue Gate"
        },
        "316": {
          "id": 131,
          "name": "Start Shotgun"
        },
        "373": {
          "id": 132,
          "name": "Earthquake Atomic Health 1"
        },
        "374": {
          "id": 133,
          "name": "Earthquake Atomic Health 2"
        },
        "375": {
          "id": 134,
          "name": "Blue Key Card"
        },
        "410": {
          "id": 135,
          "name": "Cracked Wall Middle Atomic Health"
        },
        "439": {
          "id": 136,
          "name": "Fire Pit RPG"
        },
        "466": {
          "id": 137,
          "name": "Dancing Shaman Atomic Health 1"
        },
        "472": {
          "id": 138,
          "name": "Dancing Shaman Atomic Health 2"
        },
        "473": {
          "id": 139,
          "name": "Dancing Shaman Atomic Health 3"
        },
        "524": {
          "id": 140,
          "name": "Red Waterfall Pipe Bombs"
        },
        "604": {
          "id": 141,
          "name": "Start Protective Boots"
        },
        "682": {
          "id": 142,
          "name": "Bottom of Ruins Protective Boots"
        },
        "689": {
          "id": 143,
          "name": "Fire Place Medkit"
        },
        "698": {
          "id": 144,
          "name": "Toxic River Protective Boots"
        },
        "718": {
          "id": 145,
          "name": "Start RPG"
        },
        "726": {
          "id": 146,
          "name": "Secret Fire Pit Night Vision Goggles"
        },
        "727": {
          "id": 147,
          "name": "Secret Fire Pit Medkit"
        },
        "733": {
          "id": 148,
          "name": "Toxic River Holo Duke"
        },
        "734": {
          "id": 149,
          "name": "Toxic River Medkit"
        },
        "737": {
          "id": 150,
          "name": "Ruins Staircase Shotgun"
        },
        "738": {
          "id": 151,
          "name": "Fire Pit Steroids"
        },
        "740": {
          "id": 152,
          "name": "Cracked Wall Bottom Atomic Health"
        },
        "741": {
          "id": 153,
          "name": "Cracked Wall Protective Boots"
        },
        "742": {
          "id": 154,
          "name": "Cracked Wall Medkit"
        },
        "744": {
          "id": 155,
          "name": "Spaceship Entrance Armor"
        },
        "817": {
          "id": 156,
          "name": "Earthquake Night Vision Goggles"
        },
        "868": {
          "id": 157,
          "name": "Red Waterfall Cave Protective Boots"
        },
        "876": {
          "id": -1,
          "name": "MP Shrinker Room Steroids"
        },
        "879": {
          "id": -1,
          "name": "MP Cracked Wall Bottom Pipebombs"
        },
        "884": {
          "id": 158,
          "name": "Canyon Pillars RPG"
        },
        "1032": {
          "id": -1,
          "name": "MP Fire Pit Jetpack"
        },
        "1039": {
          "id": -1,
          "name": "MP Fire Place RPG"
        },
        "1041": {
          "id": -1,
          "name": "MP Ruins Staircase Atomic Health"
        },
        "1042": {
          "id": -1,
          "name": "MP Ruins Staircase Armor"
        },
        "1044": {
          "id": -1,
          "name": "MP Bottom of Ruins Shotgun"
        },
        "1046": {
          "id": 159,
          "name": "Fire Pit Atomic Health"
        },
        "1047": {
          "id": 160,
          "name": "Secret Fire Pit Atomic Health 1"
        },
        "1048": {
          "id": 161,
          "name": "Secret Fire Pit Atomic Health 2"
        }
      },
      "sectors": {
        "7": {
          "id": 1840,
          "name": "Red Waterfall Passage"
        },
        "21": {
          "id": 1841,
          "name": "Dancing Shaman"
        },
        "257": {
          "id": 1842,
          "name": "Top of Spaceship"
        },
        "354": {
          "id": 1843,
          "name": "Fire Pit Hidden Wall"
        },
        "440": {
          "id": 1844,
          "name": "Fire Pit Teleporter"
        },
        "441": {
          "id": 1845,
          "name": "Secret Fire Pit Ledge"
        }
      },
      "exits": {
        "0": {
          "id": 1704,
          "name": "Exit"
        }
      }
    },
    "E1L6": {
      "sprites": {
        "0": {
          "id": 162,
          "name": "Rocket Jetpack"
        },
        "123": {
          "id": 163,
          "name": "Toxic Waste Pool Shotgun"
        },
        "124": {
          "id": 164,
          "name": "Start Protective Boots"
        },
        "385": {
          "id": 165,
          "name": "Outside Rocket Night Vision Goggles"
        },
        "395": {
          "id": 166,
          "name": "Dark Room RPG"
        },
        "397": {
          "id": 167,
          "name": "Dark Room Pipebombs 1"
        },
        "398": {
          "id": 168,
          "name": "Dark Room Pipebombs 2"
        },
        "406": {
          "id": 169,
          "name": "Spiral Chaingun"
        },
        "410": {
          "id": 170,
          "name": "Dark Room Atomic Health"
        },
        "518": {
          "id": 171,
          "name": "Blue Key Card"
        },
        "539": {
          "id": 172,
          "name": "Red Key Card"
        },
        "561": {
          "id": 173,
          "name": "Sewer Computers Atomic Health 1"
        },
        "562": {
          "id": 174,
          "name": "Sewer Computers Atomic Health 2"
        },
        "563": {
          "id": 175,
          "name": "Sewer Computers Atomic Health 3"
        },
        "567": {
          "id": 176,
          "name": "Sewer Protective Boots"
        },
        "575": {
          "id": 177,
          "name": "Dark Room Medkit"
        },
        "588": {
          "id": 178,
          "name": "Toxic Waste Pool Atomic Health 2"
        },
        "589": {
          "id": 179,
          "name": "Toxic Waste Pool Atomic Health 1"
        },
        "625": {
          "id": -1,
          "name": "MP Spiral Holo Duke"
        },
        "642": {
          "id": 180,
          "name": "Vent Pipebombs"
        },
        "643": {
          "id": 181,
          "name": "Launch Room Steroids"
        },
        "647": {
          "id": 182,
          "name": "Start Armor"
        },
        "690": {
          "id": -1,
          "name": "MP Start Steroids"
        },
        "691": {
          "id": -1,
          "name": "MP Rocket Pit Pipebombs"
        },
        "692": {
          "id": -1,
          "name": "MP Toxic Waste Pool RPG"
        },
        "693": {
          "id": -1,
          "name": "MP Rocket Chaingun"
        },
        "696": {
          "id": -1,
          "name": "MP Gate Room Shotgun"
        },
        "697": {
          "id": 183,
          "name": "Launch Room Holo Duke"
        },
        "707": {
          "id": 184,
          "name": "Gate Room Armor"
        },
        "726": {
          "id": -1,
          "name": "MP Start Jetpack"
        }
      },
      "sectors": {
        "218": {
          "id": 1846,
          "name": "Sewer Computers"
        },
        "224": {
          "id": 1847,
          "name": "Toxic Waste Pool"
        },
        "277": {
          "id": 1848,
          "name": "Dark Room Ceiling Vent"
        },
        "327": {
          "id": 1849,
          "name": "Gate Room Wall"
        }
      },
      "exits": {
        "0": {
          "id": 1705,
          "name": "Exit"
        }
      }
    },
    "E1L7": {
      "sprites": {
        "0": {
          "id": -1,
          "name": "MP Side Room Devastator"
        },
        "1": {
          "id": -1,
          "name": "MP Side Room RPG"
        },
        "21": {
          "id": 185,
          "name": "Waterfall 2 Atomic Health"
        },
        "22": {
          "id": 186,
          "name": "Waterfall 2 Armor"
        },
        "23": {
          "id": 187,
          "name": "Waterfall 1 Armor"
        },
        "24": {
          "id": 188,
          "name": "Waterfall 1 Atomic Health"
        },
        "97": {
          "id": 189,
          "name": "Side Room Atomic Health 1"
        },
        "98": {
          "id": 190,
          "name": "Side Room Atomic Health 2"
        },
        "107": {
          "id": 191,
          "name": "Side Room Armor"
        },
        "108": {
          "id": 192,
          "name": "Side Room Holo Duke"
        },
        "109": {
          "id": 193,
          "name": "Center Atomic Health"
        },
        "110": {
          "id": 194,
          "name": "Center Armor"
        },
        "111": {
          "id": 195,
          "name": "Center Protective Boots"
        },
        "112": {
          "id": 196,
          "name": "Center Night Vision Goggles"
        },
        "113": {
          "id": 197,
          "name": "Center Steroids"
        },
        "121": {
          "id": 198,
          "name": "Side Room Tripmine 2"
        },
        "122": {
          "id": 199,
          "name": "Side Room Tripmine 2"
        },
        "127": {
          "id": 200,
          "name": "Side Room Pipebombs"
        },
        "179": {
          "id": 201,
          "name": "Main Room Shotgun"
        },
        "231": {
          "id": 202,
          "name": "Main Room Devastator"
        },
        "232": {
          "id": 203,
          "name": "Main Room Freezethrower"
        },
        "233": {
          "id": 204,
          "name": "Main Room Chaingun"
        },
        "234": {
          "id": 205,
          "name": "Main Room RPG"
        },
        "235": {
          "id": 206,
          "name": "Main Room Jetpack"
        },
        "236": {
          "id": 207,
          "name": "Main Room Tripmine 1"
        },
        "237": {
          "id": 208,
          "name": "Main Room Tripmine 2"
        },
        "238": {
          "id": 209,
          "name": "Main Room Shrinker"
        },
        "248": {
          "id": 210,
          "name": "Main Room Pipebombs"
        },
        "302": {
          "id": 211,
          "name": "Blue Key Card"
        }
      },
      "sectors": {
        "110": {
          "id": 1850,
          "name": "Behind Waterfall 1"
        },
        "111": {
          "id": 1851,
          "name": "Behind Waterfall 2"
        }
      },
      "exits": {}
    },
    "E2L1": {
      "sprites": {
        "31": {
          "id": 212,
          "name": "Night Vision Goggles behind Red Key Card"
        },
        "40": {
          "id": 213,
          "name": "Vent Pipebombs"
        },
        "54": {
          "id": 214,
          "name": "Armor near Shrinker"
        },
        "58": {
          "id": 215,
          "name": "Secret Shrinker"
        },
        "60": {
          "id": -1,
          "name": "MP Underwater Passage Freezethrower"
        },
        "69": {
          "id": 216,
          "name": "Middle Floor Jetpack"
        },
        "81": {
          "id": 217,
          "name": "Attic Night Vision Goggles"
        },
        "110": {
          "id": 218,
          "name": "Underwater Jetpack"
        },
        "155": {
          "id": 219,
          "name": "Bottom Floor Medkit"
        },
        "156": {
          "id": 220,
          "name": "Start Shotgun"
        },
        "165": {
          "id": 221,
          "name": "Bottom Floor Scuba Gear"
        },
        "180": {
          "id": 222,
          "name": "Blue Key Card"
        },
        "235": {
          "id": 223,
          "name": "Middle Floor Pipebombs"
        },
        "276": {
          "id": 224,
          "name": "Underwater Atomic Health 1"
        },
        "277": {
          "id": 225,
          "name": "Underwater Atomic Health 2"
        },
        "280": {
          "id": 226,
          "name": "Bottom Floor Armor"
        },
        "289": {
          "id": 227,
          "name": "Top Floor Atomic Health"
        },
        "318": {
          "id": 228,
          "name": "Red Key Card"
        },
        "367": {
          "id": 229,
          "name": "Bottom Floor Holo Duke"
        },
        "373": {
          "id": 230,
          "name": "Space Shuttle RPG"
        },
        "374": {
          "id": 231,
          "name": "Chaingun behind Red Key Card"
        },
        "385": {
          "id": -1,
          "name": "MP Attic Tripbomb 1"
        },
        "386": {
          "id": -1,
          "name": "MP Attic Tripbomb 2"
        },
        "387": {
          "id": -1,
          "name": "MP Attic Tripbomb 3"
        },
        "396": {
          "id": -1,
          "name": "MP Start Armor"
        },
        "399": {
          "id": 232,
          "name": "Top Floor Devastator"
        },
        "420": {
          "id": 233,
          "name": "Middle Room Atomic Health"
        },
        "422": {
          "id": 234,
          "name": "Space Shuttle Steroids"
        },
        "448": {
          "id": 235,
          "name": "Start Hidden Wall Atomic Health"
        }
      },
      "sectors": {
        "4": {
          "id": 1852,
          "name": "Top Floor"
        },
        "275": {
          "id": 1853,
          "name": "Hidden Alcove near Start"
        },
        "304": {
          "id": 1854,
          "name": "Underwater Passage"
        },
        "321": {
          "id": 1855,
          "name": "Ventilation Shaft"
        },
        "334": {
          "id": 1856,
          "name": "Shrinker Room"
        },
        "354": {
          "id": 1857,
          "name": "Hidden Wall near Start"
        }
      },
      "exits": {
        "0": {
          "id": 1707,
          "name": "Exit"
        }
      }
    },
    "E2L2": {
      "sprites": {
        "34": {
          "id": -1,
          "name": "MP Underwater Jetpack"
        },
        "67": {
          "id": 236,
          "name": "Overgrown Passage Jetpack"
        },
        "69": {
          "id": 237,
          "name": "Wall Panel Freezethrower"
        },
        "82": {
          "id": 238,
          "name": "Underwater Devastator"
        },
        "99": {
          "id": 239,
          "name": "Drone Alcove Atomic Health"
        },
        "103": {
          "id": 240,
          "name": "Hidden Screen Room Armor"
        },
        "130": {
          "id": -1,
          "name": "MP Freezethrower behind Yellow Door"
        },
        "132": {
          "id": 241,
          "name": "EDF Logo Medkit"
        },
        "133": {
          "id": 242,
          "name": "Pool Steroids"
        },
        "134": {
          "id": 243,
          "name": "Pool Medkit"
        },
        "171": {
          "id": 244,
          "name": "Hidden Screen Room Pipebombs"
        },
        "179": {
          "id": 245,
          "name": "Armory RPG"
        },
        "225": {
          "id": 246,
          "name": "Pipebombs behind Turret"
        },
        "264": {
          "id": 247,
          "name": "Scuba Gear"
        },
        "266": {
          "id": 248,
          "name": "Force Field Control Atomic Health 1"
        },
        "267": {
          "id": 249,
          "name": "Force Filed Control Atomic Health 2"
        },
        "268": {
          "id": 250,
          "name": "Force Field Control Chaingun"
        },
        "285": {
          "id": 251,
          "name": "Medkit"
        },
        "325": {
          "id": 252,
          "name": "Steroids"
        },
        "390": {
          "id": 253,
          "name": "Armory Tripbomb 1"
        },
        "391": {
          "id": 254,
          "name": "Armory Tripbomb 2"
        },
        "392": {
          "id": 255,
          "name": "Armory Tripbomb 3"
        },
        "410": {
          "id": 256,
          "name": "Wall Panel Holo Duke"
        },
        "432": {
          "id": 257,
          "name": "Cupboard Night Vision Goggles"
        },
        "524": {
          "id": 258,
          "name": "Yellow Key Card"
        },
        "525": {
          "id": 259,
          "name": "Start Shotgun"
        },
        "549": {
          "id": 260,
          "name": "Pipebombs behind Yellow Door"
        },
        "579": {
          "id": 261,
          "name": "Overgrown Passage Shrinker"
        }
      },
      "sectors": {
        "142": {
          "id": 1858,
          "name": "EDF Logo"
        },
        "153": {
          "id": 1859,
          "name": "Force Field Control Wall"
        },
        "155": {
          "id": 1860,
          "name": "Hidden Screen Room 1"
        },
        "156": {
          "id": 1861,
          "name": "Hidden Screen Room 2"
        },
        "248": {
          "id": 1862,
          "name": "Wall Panel"
        }
      },
      "exits": {
        "0": {
          "id": 1708,
          "name": "Exit"
        }
      }
    },
    "E2L3": {
      "sprites": {
        "9": {
          "id": 262,
          "name": "Engine Room Atomic Health"
        },
        "10": {
          "id": 263,
          "name": "Engine Room Shotgun"
        },
        "13": {
          "id": -1,
          "name": "MP Drone Room Holo Duke"
        },
        "14": {
          "id": 264,
          "name": "Blue Key Card"
        },
        "47": {
          "id": 265,
          "name": "Main Room Shrinker"
        },
        "61": {
          "id": 266,
          "name": "Engine Room Armor"
        },
        "91": {
          "id": -1,
          "name": "MP Control Room Jetpack"
        },
        "96": {
          "id": 267,
          "name": "Ready Room Medkit"
        },
        "135": {
          "id": 268,
          "name": "Control Room Devastator"
        },
        "162": {
          "id": 269,
          "name": "Engine Room Tripbomb"
        },
        "177": {
          "id": 270,
          "name": "Start Chaingun"
        },
        "182": {
          "id": 271,
          "name": "Wall Panel Freezethrower"
        },
        "226": {
          "id": 272,
          "name": "Wall Panel Pipebombs"
        },
        "274": {
          "id": 273,
          "name": "Reactor Atomic Health 1"
        },
        "275": {
          "id": 274,
          "name": "Reactor Atomic Health 2"
        },
        "284": {
          "id": 275,
          "name": "Control Room Medkit"
        },
        "316": {
          "id": 276,
          "name": "Yellow Key Card"
        },
        "496": {
          "id": 277,
          "name": "Control Room Holo Duke"
        },
        "694": {
          "id": 278,
          "name": "Conveyor Night Vision Goggles"
        },
        "695": {
          "id": 279,
          "name": "Control Room Steroids"
        },
        "699": {
          "id": 280,
          "name": "Engine Room Burrowed Atomic Health 1"
        },
        "725": {
          "id": 281,
          "name": "Drone Room Medkit"
        },
        "766": {
          "id": 282,
          "name": "Engine Room Burrowed Atomic Health 2"
        },
        "767": {
          "id": 283,
          "name": "Engine Room Burrowed Atomic Health 3"
        },
        "768": {
          "id": 284,
          "name": "Main Room Shotgun"
        },
        "772": {
          "id": 285,
          "name": "Control Room RPG"
        },
        "782": {
          "id": 286,
          "name": "Left Wing RPG"
        },
        "799": {
          "id": -1,
          "name": "MP Control Room Armor"
        },
        "801": {
          "id": -1,
          "name": "MP Main Room Chaingun"
        },
        "817": {
          "id": 287,
          "name": "Really Ready Room Devastator"
        },
        "818": {
          "id": 288,
          "name": "Really Ready Room Freezethrower"
        },
        "819": {
          "id": 289,
          "name": "Bridge Chaingun"
        },
        "820": {
          "id": 290,
          "name": "Bridge Pipebombs"
        },
        "821": {
          "id": 291,
          "name": "Bridge RPG"
        },
        "822": {
          "id": 292,
          "name": "Bridge Atomic Health"
        }
      },
      "sectors": {
        "42": {
          "id": 1863,
          "name": "Bridge"
        },
        "297": {
          "id": 1864,
          "name": "Ready Room"
        }
      },
      "exits": {
        "0": {
          "id": 1709,
          "name": "Exit"
        }
      }
    },
    "E2L4": {
      "sprites": {},
      "sectors": {
        "317": {
          "id": 1865,
          "name": ""
        },
        "374": {
          "id": 1866,
          "name": ""
        },
        "378": {
          "id": 1867,
          "name": ""
        },
        "384": {
          "id": 1868,
          "name": ""
        },
        "405": {
          "id": 1869,
          "name": ""
        },
        "409": {
          "id": 1870,
          "name": ""
        },
        "416": {
          "id": 1871,
          "name": ""
        }
      },
      "exits": {
        "0": {
          "id": 1710,
          "name": "Exit"
        }
      }
    },
    "E2L5": {
      "sprites": {},
      "sectors": {
        "136": {
          "id": 1872,
          "name": ""
        },
        "185": {
          "id": 1873,
          "name": ""
        },
        "225": {
          "id": 1874,
          "name": ""
        },
        "238": {
          "id": 1875,
          "name": ""
        }
      },
      "exits": {
        "0": {
          "id": 1711,
          "name": "Exit"
        }
      }
    },
    "E2L6": {
      "sprites": {},
      "sectors": {
        "67": {
          "id": 1876,
          "name": ""
        },
        "72": {
          "id": 1877,
          "name": ""
        },
        "136": {
          "id": 1878,
          "name": ""
        },
        "145": {
          "id": 1879,
          "name": ""
        },
        "166": {
          "id": 1880,
          "name": ""
        },
        "258": {
          "id": 1881,
          "name": ""
        },
        "288": {
          "id": 1882,
          "name": ""
        },
        "309": {
          "id": 1883,
          "name": ""
        }
      },
      "exits": {
        "0": {
          "id": 1712,
          "name": "Exit"
        }
      }
    },
    "E2L7": {
      "sprites": {},
      "sectors": {
        "181": {
          "id": 1884,
          "name": ""
        },
        "206": {
          "id": 1885,
          "name": ""
        },
        "330": {
          "id": 1886,
          "name": ""
        },
        "387": {
          "id": 1887,
          "name": ""
        },
        "390": {
          "id": 1888,
          "name": ""
        },
        "395": {
          "id": 1889,
          "name": ""
        },
        "396": {
          "id": 1890,
          "name": ""
        }
      },
      "exits": {
        "0": {
          "id": 1713,
          "name": "Exit"
        }
      }
    },
    "E2L8": {
      "sprites": {},
      "sectors": {
        "352": {
          "id": 1891,
          "name": ""
        },
        "579": {
          "id": 1892,
          "name": ""
        },
        "647": {
          "id": 1893,
          "name": ""
        },
        "675": {
          "id": 1894,
          "name": ""
        },
        "701": {
          "id": 1895,
          "name": ""
        },
        "713": {
          "id": 1896,
          "name": ""
        },
        "726": {
          "id": 1897,
          "name": ""
        }
      },
      "exits": {
        "0": {
          "id": 1714,
          "name": "Exit"
        }
      }
    },
    "E2L9": {
      "sprites": {},
      "sectors": {
        "203": {
          "id": 1898,
          "name": ""
        },
        "219": {
          "id": 1899,
          "name": ""
        },
        "225": {
          "id": 1900,
          "name": ""
        },
        "246": {
          "id": 1901,
          "name": ""
        }
      },
      "exits": {
        "0": {
          "id": 1715,
          "name": "Exit"
        }
      }
    },
    "E2L10": {
      "sprites": {},
      "sectors": {},
      "exits": {
        "0": {
          "id": 1716,
          "name": "Exit"
        }
      }
    },
    "E2L11": {
      "sprites": {},
      "sectors": {},
      "exits": {
        "0": {
          "id": 1717,
          "name": "Exit"
        }
      }
    },
    "E3L1": {
      "sprites": {},
      "sectors": {
        "135": {
          "id": 1902,
          "name": ""
        },
        "137": {
          "id": 1903,
          "name": ""
        },
        "161": {
          "id": 1904,
          "name": ""
        },
        "287": {
          "id": 1905,
          "name": ""
        },
        "332": {
          "id": 1906,
          "name": ""
        },
        "338": {
          "id": 1907,
          "name": ""
        },
        "344": {
          "id": 1908,
          "name": ""
        }
      },
      "exits": {
        "0": {
          "id": 1718,
          "name": "Exit"
        }
      }
    },
    "E3L2": {
      "sprites": {},
      "sectors": {
        "17": {
          "id": 1909,
          "name": ""
        },
        "119": {
          "id": 1910,
          "name": ""
        },
        "190": {
          "id": 1911,
          "name": ""
        },
        "208": {
          "id": 1912,
          "name": ""
        },
        "235": {
          "id": 1913,
          "name": ""
        }
      },
      "exits": {
        "0": {
          "id": 1719,
          "name": "Exit"
        }
      }
    },
    "E3L3": {
      "sprites": {},
      "sectors": {
        "178": {
          "id": 1914,
          "name": ""
        },
        "221": {
          "id": 1915,
          "name": ""
        },
        "222": {
          "id": 1916,
          "name": ""
        },
        "232": {
          "id": 1917,
          "name": ""
        },
        "259": {
          "id": 1918,
          "name": ""
        }
      },
      "exits": {
        "0": {
          "id": 1720,
          "name": "Exit"
        }
      }
    },
    "E3L4": {
      "sprites": {},
      "sectors": {
        "166": {
          "id": 1919,
          "name": ""
        },
        "195": {
          "id": 1920,
          "name": ""
        },
        "205": {
          "id": 1921,
          "name": ""
        }
      },
      "exits": {
        "0": {
          "id": 1721,
          "name": "Exit"
        }
      }
    },
    "E3L5": {
      "sprites": {},
      "sectors": {
        "88": {
          "id": 1922,
          "name": ""
        },
        "149": {
          "id": 1923,
          "name": ""
        },
        "183": {
          "id": 1924,
          "name": ""
        },
        "195": {
          "id": 1925,
          "name": ""
        }
      },
      "exits": {
        "0": {
          "id": 1722,
          "name": "Exit"
        }
      }
    },
    "E3L6": {
      "sprites": {},
      "sectors": {
        "6": {
          "id": 1926,
          "name": ""
        },
        "132": {
          "id": 1927,
          "name": ""
        },
        "149": {
          "id": 1928,
          "name": ""
        },
        "163": {
          "id": 1929,
          "name": ""
        },
        "172": {
          "id": 1930,
          "name": ""
        },
        "182": {
          "id": 1931,
          "name": ""
        }
      },
      "exits": {
        "0": {
          "id": 1723,
          "name": "Exit"
        }
      }
    },
    "E3L7": {
      "sprites": {},
      "sectors": {
        "111": {
          "id": 1932,
          "name": ""
        },
        "133": {
          "id": 1933,
          "name": ""
        },
        "176": {
          "id": 1934,
          "name": ""
        },
        "179": {
          "id": 1935,
          "name": ""
        }
      },
      "exits": {
        "0": {
          "id": 1724,
          "name": "Exit"
        }
      }
    },
    "E3L8": {
      "sprites": {},
      "sectors": {
        "138": {
          "id": 1936,
          "name": ""
        },
        "155": {
          "id": 1937,
          "name": ""
        },
        "284": {
          "id": 1938,
          "name": ""
        }
      },
      "exits": {
        "0": {
          "id": 1725,
          "name": "Exit"
        }
      }
    },
    "E3L9": {
      "sprites": {},
      "sectors": {},
      "exits": {
        "0": {
          "id": 1726,
          "name": "Exit"
        }
      }
    },
    "E3L10": {
      "sprites": {},
      "sectors": {
        "148": {
          "id": 1939,
          "name": ""
        },
        "156": {
          "id": 1940,
          "name": ""
        },
        "164": {
          "id": 1941,
          "name": ""
        },
        "172": {
          "id": 1942,
          "name": ""
        }
      },
      "exits": {
        "0": {
          "id": 1727,
          "name": "Exit"
        }
      }
    },
    "E3L11": {
      "sprites": {},
      "sectors": {
        "120": {
          "id": 1943,
          "name": ""
        },
        "148": {
          "id": 1944,
          "name": ""
        },
        "229": {
          "id": 1945,
          "name": ""
        },
        "242": {
          "id": 1946,
          "name": ""
        },
        "246": {
          "id": 1947,
          "name": ""
        }
      },
      "exits": {
        "0": {
          "id": 1728,
          "name": "Exit"
        }
      }
    },
    "E4L1": {
      "sprites": {},
      "sectors": {
        "116": {
          "id": 1948,
          "name": ""
        },
        "221": {
          "id": 1949,
          "name": ""
        },
        "232": {
          "id": 1950,
          "name": ""
        },
        "270": {
          "id": 1951,
          "name": ""
        },
        "274": {
          "id": 1952,
          "name": ""
        },
        "388": {
          "id": 1953,
          "name": ""
        },
        "414": {
          "id": 1954,
          "name": ""
        }
      },
      "exits": {
        "0": {
          "id": 1729,
          "name": "Exit"
        }
      }
    },
    "E4L2": {
      "sprites": {},
      "sectors": {
        "102": {
          "id": 1955,
          "name": ""
        },
        "311": {
          "id": 1956,
          "name": ""
        },
        "313": {
          "id": 1957,
          "name": ""
        },
        "321": {
          "id": 1958,
          "name": ""
        }
      },
      "exits": {
        "0": {
          "id": 1730,
          "name": "Exit"
        }
      }
    },
    "E4L3": {
      "sprites": {},
      "sectors": {
        "70": {
          "id": 1959,
          "name": ""
        },
        "176": {
          "id": 1960,
          "name": ""
        },
        "274": {
          "id": 1961,
          "name": ""
        },
        "344": {
          "id": 1962,
          "name": ""
        },
        "349": {
          "id": 1963,
          "name": ""
        },
        "362": {
          "id": 1964,
          "name": ""
        },
        "365": {
          "id": 1965,
          "name": ""
        }
      },
      "exits": {
        "0": {
          "id": 1731,
          "name": "Exit"
        }
      }
    },
    "E4L4": {
      "sprites": {},
      "sectors": {
        "90": {
          "id": 1966,
          "name": ""
        },
        "193": {
          "id": 1967,
          "name": ""
        },
        "200": {
          "id": 1968,
          "name": ""
        },
        "336": {
          "id": 1969,
          "name": ""
        }
      },
      "exits": {
        "0": {
          "id": 1732,
          "name": "Exit"
        }
      }
    },
    "E4L5": {
      "sprites": {},
      "sectors": {
        "5": {
          "id": 1970,
          "name": ""
        },
        "56": {
          "id": 1971,
          "name": ""
        },
        "123": {
          "id": 1972,
          "name": ""
        },
        "465": {
          "id": 1973,
          "name": ""
        },
        "469": {
          "id": 1974,
          "name": ""
        }
      },
      "exits": {
        "0": {
          "id": 1733,
          "name": "Exit"
        }
      }
    },
    "E4L6": {
      "sprites": {},
      "sectors": {
        "185": {
          "id": 1975,
          "name": ""
        },
        "250": {
          "id": 1976,
          "name": ""
        },
        "302": {
          "id": 1977,
          "name": ""
        },
        "317": {
          "id": 1978,
          "name": ""
        }
      },
      "exits": {
        "0": {
          "id": 1734,
          "name": "Exit"
        }
      }
    },
    "E4L7": {
      "sprites": {},
      "sectors": {
        "65": {
          "id": 1979,
          "name": ""
        },
        "232": {
          "id": 1980,
          "name": ""
        },
        "265": {
          "id": 1981,
          "name": ""
        }
      },
      "exits": {
        "0": {
          "id": 1735,
          "name": "Exit"
        }
      }
    },
    "E4L8": {
      "sprites": {},
      "sectors": {
        "105": {
          "id": 1982,
          "name": ""
        },
        "116": {
          "id": 1983,
          "name": ""
        },
        "234": {
          "id": 1984,
          "name": ""
        },
        "240": {
          "id": 1985,
          "name": ""
        }
      },
      "exits": {
        "0": {
          "id": 1736,
          "name": "Exit"
        }
      }
    },
    "E4L9": {
      "sprites": {},
      "sectors": {
        "347": {
          "id": 1986,
          "name": ""
        },
        "718": {
          "id": 1987,
          "name": ""
        },
        "761": {
          "id": 1988,
          "name": ""
        },
        "795": {
          "id": 1989,
          "name": ""
        },
        "800": {
          "id": 1990,
          "name": ""
        }
      },
      "exits": {
        "0": {
          "id": 1737,
          "name": "Exit"
        }
      }
    },
    "E4L10": {
      "sprites": {},
      "sectors": {
        "65": {
          "id": 1991,
          "name": ""
        },
        "67": {
          "id": 1992,
          "name": ""
        },
        "70": {
          "id": 1993,
          "name": ""
        },
        "72": {
          "id": 1994,
          "name": ""
        },
        "197": {
          "id": 1995,
          "name": ""
        },
        "357": {
          "id": 1996,
          "name": ""
        },
        "630": {
          "id": 1997,
          "name": ""
        }
      },
      "exits": {
        "0": {
          "id": 1738,
          "name": "Exit"
        }
      }
    },
    "E4L11": {
      "sprites": {},
      "sectors": {
        "50": {
          "id": 1998,
          "name": ""
        },
        "54": {
          "id": 1999,
          "name": ""
        },
        "82": {
          "id": 2000,
          "name": ""
        },
        "293": {
          "id": 2001,
          "name": ""
        },
        "337": {
          "id": 2002,
          "name": ""
        },
        "440": {
          "id": 2003,
          "name": ""
        },
        "574": {
          "id": 2004,
          "name": ""
        }
      },
      "exits": {
        "0": {
          "id": 1739,
          "name": "Exit"
        }
      }
    }
  },
  "items": {
    "0": {
      "name": "Nothing",
      "type": "none",
      "silent": true
    },
    "100": {
      "name": "Exit",
      "state": true,
      "type": "goal",
      "silent": true
    },
    "101": {
      "name": "Secret",
      "state": true,
      "type": "goal",
      "silent": true
    },
    "1700": {
      "name": "E1L1 Unlock",
      "unique": true,
      "state": true,
      "type": "map"
    },
    "1701": {
      "name": "E1L2 Unlock",
      "unique": true,
      "state": true,
      "type": "map"
    },
    "1702": {
      "name": "E1L3 Unlock",
      "unique": true,
      "state": true,
      "type": "map"
    },
    "1703": {
      "name": "E1L4 Unlock",
      "unique": true,
      "state": true,
      "type": "map"
    },
    "1704": {
      "name": "E1L5 Unlock",
      "unique": true,
      "state": true,
      "type": "map"
    },
    "1705": {
      "name": "E1L6 Unlock",
      "unique": true,
      "state": true,
      "type": "map"
    },
    "1706": {
      "name": "E1L7 Unlock",
      "unique": true,
      "state": true,
      "type": "map"
    },
    "1707": {
      "name": "E2L1 Unlock",
      "unique": true,
      "state": true,
      "type": "map"
    },
    "1708": {
      "name": "E2L2 Unlock",
      "unique": true,
      "state": true,
      "type": "map"
    },
    "1709": {
      "name": "E2L3 Unlock",
      "unique": true,
      "state": true,
      "type": "map"
    },
    "1710": {
      "name": "E2L4 Unlock",
      "unique": true,
      "state": true,
      "type": "map"
    },
    "1711": {
      "name": "E2L5 Unlock",
      "unique": true,
      "state": true,
      "type": "map"
    },
    "1712": {
      "name": "E2L6 Unlock",
      "unique": true,
      "state": true,
      "type": "map"
    },
    "1713": {
      "name": "E2L7 Unlock",
      "unique": true,
      "state": true,
      "type": "map"
    },
    "1714": {
      "name": "E2L8 Unlock",
      "unique": true,
      "state": true,
      "type": "map"
    },
    "1715": {
      "name": "E2L9 Unlock",
      "unique": true,
      "state": true,
      "type": "map"
    },
    "1716": {
      "name": "E2L10 Unlock",
      "unique": true,
      "state": true,
      "type": "map"
    },
    "1717": {
      "name": "E2L11 Unlock",
      "unique": true,
      "state": true,
      "type": "map"
    },
    "1718": {
      "name": "E3L1 Unlock",
      "unique": true,
      "state": true,
      "type": "map"
    },
    "1719": {
      "name": "E3L2 Unlock",
      "unique": true,
      "state": true,
      "type": "map"
    },
    "1720": {
      "name": "E3L3 Unlock",
      "unique": true,
      "state": true,
      "type": "map"
    },
    "1721": {
      "name": "E3L4 Unlock",
      "unique": true,
      "state": true,
      "type": "map"
    },
    "1722": {
      "name": "E3L5 Unlock",
      "unique": true,
      "state": true,
      "type": "map"
    },
    "1723": {
      "name": "E3L6 Unlock",
      "unique": true,
      "state": true,
      "type": "map"
    },
    "1724": {
      "name": "E3L7 Unlock",
      "unique": true,
      "state": true,
      "type": "map"
    },
    "1725": {
      "name": "E3L8 Unlock",
      "unique": true,
      "state": true,
      "type": "map"
    },
    "1726": {
      "name": "E3L9 Unlock",
      "unique": true,
      "state": true,
      "type": "map"
    },
    "1727": {
      "name": "E3L10 Unlock",
      "unique": true,
      "state": true,
      "type": "map"
    },
    "1728": {
      "name": "E3L11 Unlock",
      "unique": true,
      "state": true,
      "type": "map"
    },
    "1729": {
      "name": "E4L1 Unlock",
      "unique": true,
      "state": true,
      "type": "map"
    },
    "1730": {
      "name": "E4L2 Unlock",
      "unique": true,
      "state": true,
      "type": "map"
    },
    "1731": {
      "name": "E4L3 Unlock",
      "unique": true,
      "state": true,
      "type": "map"
    },
    "1732": {
      "name": "E4L4 Unlock",
      "unique": true,
      "state": true,
      "type": "map"
    },
    "1733": {
      "name": "E4L5 Unlock",
      "unique": true,
      "state": true,
      "type": "map"
    },
    "1734": {
      "name": "E4L6 Unlock",
      "unique": true,
      "state": true,
      "type": "map"
    },
    "1735": {
      "name": "E4L7 Unlock",
      "unique": true,
      "state": true,
      "type": "map"
    },
    "1736": {
      "name": "E4L8 Unlock",
      "unique": true,
      "state": true,
      "type": "map"
    },
    "1737": {
      "name": "E4L9 Unlock",
      "unique": true,
      "state": true,
      "type": "map"
    },
    "1738": {
      "name": "E4L10 Unlock",
      "unique": true,
      "state": true,
      "type": "map"
    },
    "1739": {
      "name": "E4L11 Unlock",
      "unique": true,
      "state": true,
      "type": "map"
    },
    "1600": {
      "name": "E1L1 Automap",
      "unique": true,
      "state": true,
      "type": "automap",
      "levelnum": 0,
      "volumenum": 0
    },
    "1601": {
      "name": "E1L2 Automap",
      "unique": true,
      "state": true,
      "type": "automap",
      "levelnum": 1,
      "volumenum": 0
    },
    "1602": {
      "name": "E1L3 Automap",
      "unique": true,
      "state": true,
      "type": "automap",
      "levelnum": 2,
      "volumenum": 0
    },
    "1603": {
      "name": "E1L4 Automap",
      "unique": true,
      "state": true,
      "type": "automap",
      "levelnum": 3,
      "volumenum": 0
    },
    "1604": {
      "name": "E1L5 Automap",
      "unique": true,
      "state": true,
      "type": "automap",
      "levelnum": 4,
      "volumenum": 0
    },
    "1605": {
      "name": "E1L6 Automap",
      "unique": true,
      "state": true,
      "type": "automap",
      "levelnum": 5,
      "volumenum": 0
    },
    "1606": {
      "name": "E1L7 Automap",
      "unique": true,
      "state": true,
      "type": "automap",
      "levelnum": 6,
      "volumenum": 0
    },
    "1607": {
      "name": "E2L1 Automap",
      "unique": true,
      "state": true,
      "type": "automap",
      "levelnum": 0,
      "volumenum": 1
    },
    "1608": {
      "name": "E2L2 Automap",
      "unique": true,
      "state": true,
      "type": "automap",
      "levelnum": 1,
      "volumenum": 1
    },
    "1609": {
      "name": "E2L3 Automap",
      "unique": true,
      "state": true,
      "type": "automap",
      "levelnum": 2,
      "volumenum": 1
    },
    "1610": {
      "name": "E2L4 Automap",
      "unique": true,
      "state": true,
      "type": "automap",
      "levelnum": 3,
      "volumenum": 1
    },
    "1611": {
      "name": "E2L5 Automap",
      "unique": true,
      "state": true,
      "type": "automap",
      "levelnum": 4,
      "volumenum": 1
    },
    "1612": {
      "name": "E2L6 Automap",
      "unique": true,
      "state": true,
      "type": "automap",
      "levelnum": 5,
      "volumenum": 1
    },
    "1613": {
      "name": "E2L7 Automap",
      "unique": true,
      "state": true,
      "type": "automap",
      "levelnum": 6,
      "volumenum": 1
    },
    "1614": {
      "name": "E2L8 Automap",
      "unique": true,
      "state": true,
      "type": "automap",
      "levelnum": 7,
      "volumenum": 1
    },
    "1615": {
      "name": "E2L9 Automap",
      "unique": true,
      "state": true,
      "type": "automap",
      "levelnum": 8,
      "volumenum": 1
    },
    "1616": {
      "name": "E2L10 Automap",
      "unique": true,
      "state": true,
      "type": "automap",
      "levelnum": 9,
      "volumenum": 1
    },
    "1617": {
      "name": "E2L11 Automap",
      "unique": true,
      "state": true,
      "type": "automap",
      "levelnum": 10,
      "volumenum": 1
    },
    "1618": {
      "name": "E3L1 Automap",
      "unique": true,
      "state": true,
      "type": "automap",
      "levelnum": 0,
      "volumenum": 2
    },
    "1619": {
      "name": "E3L2 Automap",
      "unique": true,
      "state": true,
      "type": "automap",
      "levelnum": 1,
      "volumenum": 2
    },
    "1620": {
      "name": "E3L3 Automap",
      "unique": true,
      "state": true,
      "type": "automap",
      "levelnum": 2,
      "volumenum": 2
    },
    "1621": {
      "name": "E3L4 Automap",
      "unique": true,
      "state": true,
      "type": "automap",
      "levelnum": 3,
      "volumenum": 2
    },
    "1622": {
      "name": "E3L5 Automap",
      "unique": true,
      "state": true,
      "type": "automap",
      "levelnum": 4,
      "volumenum": 2
    },
    "1623": {
      "name": "E3L6 Automap",
      "unique": true,
      "state": true,
      "type": "automap",
      "levelnum": 5,
      "volumenum": 2
    },
    "1624": {
      "name": "E3L7 Automap",
      "unique": true,
      "state": true,
      "type": "automap",
      "levelnum": 6,
      "volumenum": 2
    },
    "1625": {
      "name": "E3L8 Automap",
      "unique": true,
      "state": true,
      "type": "automap",
      "levelnum": 7,
      "volumenum": 2
    },
    "1626": {
      "name": "E3L9 Automap",
      "unique": true,
      "state": true,
      "type": "automap",
      "levelnum": 8,
      "volumenum": 2
    },
    "1627": {
      "name": "E3L10 Automap",
      "unique": true,
      "state": true,
      "type": "automap",
      "levelnum": 0,
      "volumenum": 2
    },
    "1628": {
      "name": "E3L11 Automap",
      "unique": true,
      "state": true,
      "type": "automap",
      "levelnum": 10,
      "volumenum": 2
    },
    "1629": {
      "name": "E4L1 Automap",
      "unique": true,
      "state": true,
      "type": "automap",
      "levelnum": 0,
      "volumenum": 3
    },
    "1630": {
      "name": "E4L2 Automap",
      "unique": true,
      "state": true,
      "type": "automap",
      "levelnum": 1,
      "volumenum": 3
    },
    "1631": {
      "name": "E4L3 Automap",
      "unique": true,
      "state": true,
      "type": "automap",
      "levelnum": 2,
      "volumenum": 3
    },
    "1632": {
      "name": "E4L4 Automap",
      "unique": true,
      "state": true,
      "type": "automap",
      "levelnum": 3,
      "volumenum": 3
    },
    "1633": {
      "name": "E4L5 Automap",
      "unique": true,
      "state": true,
      "type": "automap",
      "levelnum": 4,
      "volumenum": 3
    },
    "1634": {
      "name": "E4L6 Automap",
      "unique": true,
      "state": true,
      "type": "automap",
      "levelnum": 5,
      "volumenum": 3
    },
    "1635": {
      "name": "E4L7 Automap",
      "unique": true,
      "state": true,
      "type": "automap",
      "levelnum": 6,
      "volumenum": 3
    },
    "1636": {
      "name": "E4L8 Automap",
      "unique": true,
      "state": true,
      "type": "automap",
      "levelnum": 7,
      "volumenum": 3
    },
    "1637": {
      "name": "E4L9 Automap",
      "unique": true,
      "state": true,
      "type": "automap",
      "levelnum": 8,
      "volumenum": 3
    },
    "1638": {
      "name": "E4L10 Automap",
      "unique": true,
      "state": true,
      "type": "automap",
      "levelnum": 9,
      "volumenum": 3
    },
    "1639": {
      "name": "E4L11 Automap",
      "unique": true,
      "state": true,
      "type": "automap",
      "levelnum": 10,
      "volumenum": 3
    },
    "1800": {
      "name": "E1L1 Red Key Card",
      "unique": true,
      "state": true,
      "type": "key",
      "flags": 2,
      "levelnum": 0,
      "volumenum": 0
    },
    "1801": {
      "name": "E1L2 Blue Key Card",
      "unique": true,
      "state": true,
      "type": "key",
      "flags": 1,
      "levelnum": 1,
      "volumenum": 0
    },
    "1802": {
      "name": "E1L2 Red Key Card",
      "unique": true,
      "state": true,
      "type": "key",
      "flags": 2,
      "levelnum": 1,
      "volumenum": 0
    },
    "1803": {
      "name": "E1L2 Yellow Key Card",
      "unique": true,
      "state": true,
      "type": "key",
      "flags": 4,
      "levelnum": 1,
      "volumenum": 0
    },
    "1804": {
      "name": "E1L3 Blue Key Card",
      "unique": true,
      "state": true,
      "type": "key",
      "flags": 1,
      "levelnum": 2,
      "volumenum": 0
    },
    "1805": {
      "name": "E1L3 Red Key Card",
      "unique": true,
      "state": true,
      "type": "key",
      "flags": 2,
      "levelnum": 2,
      "volumenum": 0
    },
    "1806": {
      "name": "E1L3 Yellow Key Card",
      "unique": true,
      "state": true,
      "type": "key",
      "flags": 4,
      "levelnum": 2,
      "volumenum": 0
    },
    "1807": {
      "name": "E1L4 Blue Key Card",
      "unique": true,
      "state": true,
      "type": "key",
      "flags": 1,
      "levelnum": 3,
      "volumenum": 0
    },
    "1808": {
      "name": "E1L4 Red Key Card",
      "unique": true,
      "state": true,
      "type": "key",
      "flags": 2,
      "levelnum": 3,
      "volumenum": 0
    },
    "1809": {
      "name": "E1L5 Blue Key Card",
      "unique": true,
      "state": true,
      "type": "key",
      "flags": 1,
      "levelnum": 4,
      "volumenum": 0
    },
    "1810": {
      "name": "E1L6 Blue Key Card",
      "unique": true,
      "state": true,
      "type": "key",
      "flags": 1,
      "levelnum": 5,
      "volumenum": 0
    },
    "1811": {
      "name": "E1L6 Red Key Card",
      "unique": true,
      "state": true,
      "type": "key",
      "flags": 2,
      "levelnum": 5,
      "volumenum": 0
    },
    "1812": {
      "name": "E1L7 Blue Key Card",
      "unique": true,
      "state": true,
      "type": "key",
      "flags": 1,
      "levelnum": 6,
      "volumenum": 0
    },
    "1813": {
      "name": "E2L1 Blue Key Card",
      "unique": true,
      "state": true,
      "type": "key",
      "flags": 1,
      "levelnum": 0,
      "volumenum": 1
    },
    "1814": {
      "name": "E2L1 Red Key Card",
      "unique": true,
      "state": true,
      "type": "key",
      "flags": 2,
      "levelnum": 0,
      "volumenum": 1
    },
    "1815": {
      "name": "E2L2 Yellow Key Card",
      "unique": true,
      "state": true,
      "type": "key",
      "flags": 4,
      "levelnum": 1,
      "volumenum": 1
    },
    "1816": {
      "name": "E2L3 Blue Key Card",
      "unique": true,
      "state": true,
      "type": "key",
      "flags": 1,
      "levelnum": 2,
      "volumenum": 1
    },
    "1817": {
      "name": "E2L3 Yellow Key Card",
      "unique": true,
      "state": true,
      "type": "key",
      "flags": 4,
      "levelnum": 2,
      "volumenum": 1
    },
    "202": {
      "name": "Shotgun",
      "unique": true,
      "state": true,
      "type": "weapon",
      "weaponnum": 2,
      "ammo": 10
    },
    "203": {
      "name": "Chaingun",
      "unique": true,
      "state": true,
      "type": "weapon",
      "weaponnum": 3,
      "ammo": 50
    },
    "204": {
      "name": "RPG",
      "unique": true,
      "state": true,
      "type": "weapon",
      "weaponnum": 4,
      "ammo": 5
    },
    "205": {
      "name": "Pipebomb",
      "unique": true,
      "state": true,
      "type": "weapon",
      "weaponnum": 5,
      "ammo": 2
    },
    "206": {
      "name": "Shrinker",
      "unique": true,
      "state": true,
      "type": "weapon",
      "weaponnum": 6,
      "ammo": 2
    },
    "207": {
      "name": "Devastator",
      "unique": true,
      "state": true,
      "type": "weapon",
      "weaponnum": 7,
      "ammo": 10
    },
    "208": {
      "name": "Tripmine",
      "unique": true,
      "state": true,
      "type": "weapon",
      "weaponnum": 8,
      "ammo": 1
    },
    "209": {
      "name": "Freezthrower",
      "unique": true,
      "state": true,
      "type": "weapon",
      "weaponnum": 9,
      "ammo": 20
    },
    "211": {
      "name": "Microwave Expander",
      "unique": true,
      "state": true,
      "type": "weapon",
      "weaponnum": 11,
      "ammo": 2
    },
    "222": {
      "name": "Shotgun Capacity",
      "state": true,
      "type": "maxammo",
      "weaponnum": 2,
      "ammo": 10
    },
    "242": {
      "name": "Progressive Shotgun",
      "state": true,
      "silent": true,
      "type": "progressive",
      "items": [
        202,
        222
      ]
    },
    "300": {
      "name": "Steroids",
      "unique": true,
      "state": true,
      "type": "inventory",
      "invnum": 0,
      "capacity": 40
    },
    "320": {
      "name": "Steroids Capacity",
      "state": true,
      "type": "invcapacity",
      "invnum": 0,
      "capacity": 40
    },
    "340": {
      "name": "Progressive Steroids",
      "state": true,
      "silent": true,
      "type": "progressive",
      "items": [
        300,
        320
      ]
    },
    "301": {
      "name": "Armor",
      "type": "inventory",
      "invnum": 1,
      "capacity": 40,
      "max_capacity": 100
    },
    "302": {
      "name": "Scube Gear",
      "unique": true,
      "state": true,
      "type": "inventory",
      "invnum": 2,
      "capacity": 100
    },
    "322": {
      "name": "Scuba Gear Capacity",
      "state": true,
      "type": "invcapacity",
      "invnum": 2,
      "capacity": 100
    },
    "342": {
      "name": "Progressive Scuba Gear",
      "state": true,
      "silent": true,
      "type": "progressive",
      "items": [
        302,
        322
      ]
    },
    "303": {
      "name": "Holo Duke",
      "type": "inventory",
      "invnum": 3,
      "capacity": 600
    },
    "304": {
      "name": "Jetpack",
      "unique": true,
      "state": true,
      "type": "inventory",
      "invnum": 4,
      "capacity": 100
    },
    "324": {
      "name": "Jetpack Capacity",
      "state": true,
      "type": "invcapacity",
      "invnum": 4,
      "capacity": 100
    },
    "344": {
      "name": "Progressive Jetpack",
      "state": true,
      "silent": true,
      "type": "progressive",
      "items": [
        304,
        324
      ]
    },
    "307": {
      "name": "Night Vision Goggles",
      "type": "inventory",
      "invnum": 7,
      "capacity": 400,
      "max_capacity": 1600
    },
    "309": {
      "name": "First Aid Kit",
      "type": "inventory",
      "invnum": 9,
      "capacity": 35,
      "max_capacity": 100
    },
    "310": {
      "name": "Protective Boots",
      "type": "inventory",
      "invnum": 10,
      "capacity": 100,
      "max_capacity": 300
    }
  }
}