{
  "locations": {
    "1700": {
      "progression": true,
      "item": 100
    },
    "1701": {
      "progression": true,
      "item": 100
    },
    "1702": {
      "progression": true,
      "item": 100
    },
    "1703": {
      "progression": true,
      "item": 100
    },
    "1704": {
      "progression": true,
      "item": 100
    },
    "1705": {
      "progression": true,
      "item": 100
    },
    "1708": {
      "progression": true,
      "item": 100
    },
    "1740": {
      "progression": true,
      "item": 100
    },
    "6": {
      "progression": true,
      "item": 1800
    },
    "5": {
      "progression": true,
      "item": 1708
    },
    "4": {
      "progression": false,
      "item": 242
    },
    "1": {
      "progression": false,
      "item": 242
    },
    "2": {
      "progression": false,
      "item": 242
    },
    "7": {
      "progression": true,
      "item": 344
    },
    "8": {
      "progression": true,
      "item": 344
    },
    "9": {
      "progression": true,
      "item": 344
    },
    "16": {
      "progression": true,
      "item": 1701
    }
  },
  "inventory": [
    1700,
    1701,
    1702,
    1703,
    1704,
    1705
  ],
  "goal": {
    "100": 3
  }
}