{
  "locations": {
    "1700": {
      "progression": true,
      "item": 100
    },
    "1701": {
      "progression": true,
      "item": 100
    },
    "1702": {
      "progression": true,
      "item": 100
    },
    "1703": {
      "progression": true,
      "item": 100
    },
    "1704": {
      "progression": true,
      "item": 100
    },
    "1705": {
      "progression": true,
      "item": 100
    },
    "1708": {
      "progression": true,
      "item": 100
    },
    "1740": {
      "progression": true,
      "item": 100
    },
    "6": {
      "progression": true,
      "item": 1800
    },
    "5": {
      "progression": true,
      "item": 1708
    },
    "4": {
      "progression": false,
      "item": 242
    },
    "1": {
      "progression": false,
      "item": 242
    },
    "2": {
      "progression": false,
      "item": 242
    },
    "7": {
      "progression": true,
      "item": 344
    },
    "8": {
      "progression": true,
      "item": 344
    },
    "9": {
      "progression": true,
      "item": 344
    },
    "16": {
      "progression": true,
      "item": 1701
    },
    "55": {
      "progression": true,
      "item": 350
    },
    "53": {
      "progression": true,
      "item": 352
    },
    "54": {
      "progression": true,
      "item": 353
    }
  },
  "inventory": [
    1700,
    1701,
    1702,
    1703,
    1704,
    1705,
    1706,
    1707,
    1708,
    1709,
    1710,
    1711,
    1712,
    1713,
    1714,
    1715,
    1716,
    1717,
    1718,
    1719,
    1720,
    1721,
    1722,
    1723,
    1724,
    1725,
    1726,
    1727,
    1728,
    1729,
    1730,
    1731,
    1732,
    1733,
    1734,
    1735,
    1736,
    1737,
    1738,
    1739
  ],
  "goal": {
    "100": 3
  },
  "settings": {
    "lock_dive": false,
    "lock_jump": false,
    "lock_crouch": false,
    "lock_run": false
  }
}