{
  "locations": {
    "1700": {
      "progression": true,
      "item": 100
    },
    "1701": {
      "progression": true,
      "item": 100
    },
    "1708": {
      "progression": true,
      "item": 100
    },
    "6": {
      "progression": true,
      "item": 1800
    },
    "5": {
      "progression": true,
      "item": 1708
    },
    "4": {
      "progression": false,
      "item": 1600
    },
    "16": {
      "progression": true,
      "item": 1701
    }
  },
  "inventory": [
    1700
  ],
  "goal": {
    "100": 3
  }
}